0,"par[0]",par,0,0
0,"par[1]",par,1,0
0,"par[2]",par,2,0
0,"par[3]",par,3,0
0,"par[4]",par,4,0
0,"par[5]",par,5,0
0,"par[6]",par,6,0
0,"par[7]",par,7,0
0,"par[8]",par,8,0
0,"par[9]",par,9,0
0,"par[10]",par,10,0
0,"par[11]",par,11,0
0,"par[12]",par,12,0
0,"par[13]",par,13,0
0,"par[14]",par,14,0
0,"par[15]",par,15,0
0,"par[16]",par,16,0
0,"par[17]",par,17,0
0,"par[18]",par,18,0
0,"par[19]",par,19,0
0,"par[20]",par,20,0
0,"par[21]",par,21,0
0,"par[22]",par,22,0
0,"par[23]",par,23,0
0,"par[24]",par,24,0
0,"par[25]",par,25,0
0,"par[26]",par,26,0
0,"par[27]",par,27,0
0,"par[28]",par,28,0
0,"par[29]",par,29,0
0,"par[30]",par,30,0
0,"par[31]",par,31,0
0,"par[32]",par,32,0
0,"par[33]",par,33,0
0,"par[34]",par,34,0
0,"par[35]",par,35,0
0,"par[36]",par,36,0
0,"par[37]",par,37,0
0,"par[38]",par,38,0
0,"par[39]",par,39,0
0,"par[40]",par,40,0
0,"par[41]",par,41,0
0,"par[42]",par,42,0
0,"par[43]",par,43,0
0,"par[44]",par,44,0
0,"par[45]",par,45,0
0,"par[46]",par,46,0
0,"par[47]",par,47,0
0,"par[48]",par,48,0
0,"par[49]",par,49,0
0,"par[50]",par,50,0
0,"par[51]",par,51,0
0,"par[52]",par,52,0
0,"par[53]",par,53,0
0,"par[54]",par,54,0
0,"par[55]",par,55,0
0,"par[56]",par,56,0
0,"par[57]",par,57,0
0,"par[58]",par,58,0
0,"par[59]",par,59,0
0,"par[60]",par,60,0
0,"par[61]",par,61,0
0,"par[62]",par,62,0
0,"par[63]",par,63,0
0,"par[64]",par,64,0
0,"par[65]",par,65,0
0,"par[66]",par,66,0
0,"par[67]",par,67,0
0,"par[68]",par,68,0
0,"par[69]",par,69,0
0,"par[70]",par,70,0
0,"par[71]",par,71,0
0,"par[72]",par,72,0
0,"par[73]",par,73,0
0,"par[74]",par,74,0
0,"par[75]",par,75,0
0,"par[76]",par,76,0
0,"par[77]",par,77,0
0,"par[78]",par,78,0
0,"par[79]",par,79,0
0,"par[80]",par,80,0
0,"par[81]",par,81,0
0,"par[82]",par,82,0
0,"par[83]",par,83,0
0,"par[84]",par,84,0
0,"par[85]",par,85,0
0,"par[86]",par,86,0
0,"par[87]",par,87,0
0,"par[88]",par,88,0
0,"par[89]",par,89,0
0,"par[90]",par,90,0
0,"par[91]",par,91,0
0,"par[92]",par,92,0
0,"par[93]",par,93,0
0,"par[94]",par,94,0
0,"par[95]",par,95,0
0,"par[96]",par,96,0
0,"par[97]",par,97,0
0,"par[98]",par,98,0
0,"par[99]",par,99,0
0,"par[100]",par,100,0
0,"par[101]",par,101,0
0,"par[102]",par,102,0
0,"par[103]",par,103,0
0,"par[104]",par,104,0
0,"par[105]",par,105,0
0,"par[106]",par,106,0
0,"par[107]",par,107,0
0,"par[108]",par,108,0
0,"par[109]",par,109,0
0,"par[110]",par,110,0
0,"par[111]",par,111,0
0,"par[112]",par,112,0
0,"par[113]",par,113,0
0,"par[114]",par,114,0
0,"par[115]",par,115,0
0,"par[116]",par,116,0
0,"par[117]",par,117,0
0,"par[118]",par,118,0
0,"par[119]",par,119,0
0,"par[120]",par,120,0
0,"par[121]",par,121,0
0,"par[122]",par,122,0
0,"par[123]",par,123,0
0,"par[124]",par,124,0
0,"par[125]",par,125,0
0,"par[126]",par,126,0
0,"par[127]",par,127,0
0,"par[128]",par,128,0
0,"par[129]",par,129,0
0,"par[130]",par,130,0
0,"par[131]",par,131,0
0,"par[132]",par,132,0
0,"par[133]",par,133,0
0,"par[134]",par,134,0
0,"par[135]",par,135,0
0,"par[136]",par,136,0
0,"par[137]",par,137,0
0,"par[138]",par,138,0
0,"par[139]",par,139,0
0,"par[140]",par,140,0
0,"par[141]",par,141,0
0,"par[142]",par,142,0
0,"par[143]",par,143,0
0,"par[144]",par,144,0
0,"par[145]",par,145,0
0,"par[146]",par,146,0
0,"par[147]",par,147,0
0,"par[148]",par,148,0
0,"par[149]",par,149,0
0,"par[150]",par,150,0
0,"par[151]",par,151,0
0,"par[152]",par,152,0
0,"par[153]",par,153,0
0,"par[154]",par,154,0
0,"par[155]",par,155,0
0,"par[156]",par,156,0
0,"par[157]",par,157,0
0,"par[158]",par,158,0
0,"par[159]",par,159,0
0,"par[160]",par,160,0
0,"par[161]",par,161,0
0,"par[162]",par,162,0
0,"par[163]",par,163,0
0,"par[164]",par,164,0
0,"par[165]",par,165,0
0,"par[166]",par,166,0
0,"par[167]",par,167,0
0,"par[168]",par,168,0
0,"par[169]",par,169,0
0,"par[170]",par,170,0
0,"par[171]",par,171,0
0,"par[172]",par,172,0
0,"par[173]",par,173,0
0,"par[174]",par,174,0
0,"par[175]",par,175,0
0,"par[176]",par,176,0
0,"par[177]",par,177,0
0,"par[178]",par,178,0
0,"par[179]",par,179,0
0,"par[180]",par,180,0
0,"par[181]",par,181,0
0,"par[182]",par,182,0
0,"par[183]",par,183,0
0,"par[184]",par,184,0
0,"par[185]",par,185,0
0,"par[186]",par,186,0
0,"par[187]",par,187,0
0,"par[188]",par,188,0
0,"par[189]",par,189,0
0,"par[190]",par,190,0
0,"par[191]",par,191,0
0,"par[192]",par,192,0
0,"par[193]",par,193,0
0,"par[194]",par,194,0
0,"par[195]",par,195,0
0,"par[196]",par,196,0
0,"par[197]",par,197,0
0,"par[198]",par,198,0
0,"par[199]",par,199,0
0,"par[200]",par,200,0
0,"par[201]",par,201,0
0,"par[202]",par,202,0
0,"par[203]",par,203,0
0,"par[204]",par,204,0
0,"par[205]",par,205,0
0,"par[206]",par,206,0
0,"par[207]",par,207,0
0,"par[208]",par,208,0
0,"par[209]",par,209,0
0,"par[210]",par,210,0
0,"par[211]",par,211,0
0,"par[212]",par,212,0
0,"par[213]",par,213,0
0,"par[214]",par,214,0
0,"par[215]",par,215,0
0,"par[216]",par,216,0
0,"par[217]",par,217,0
0,"par[218]",par,218,0
0,"par[219]",par,219,0
0,"par[220]",par,220,0
0,"par[221]",par,221,0
0,"par[222]",par,222,0
0,"par[223]",par,223,0
0,"par[224]",par,224,0
0,"par[225]",par,225,0
0,"par[226]",par,226,0
0,"par[227]",par,227,0
0,"par[228]",par,228,0
0,"par[229]",par,229,0
0,"par[230]",par,230,0
0,"par[231]",par,231,0
0,"par[232]",par,232,0
0,"par[233]",par,233,0
0,"par[234]",par,234,0
0,"par[235]",par,235,0
0,"par[236]",par,236,0
0,"par[237]",par,237,0
0,"par[238]",par,238,0
0,"par[239]",par,239,0
0,"par[240]",par,240,0
0,"par[241]",par,241,0
0,"par[242]",par,242,0
0,"par[243]",par,243,0
0,"par[244]",par,244,0
0,"par[245]",par,245,0
0,"par[246]",par,246,0
0,"par[247]",par,247,0
0,"par[248]",par,248,0
0,"par[249]",par,249,0
0,"par[250]",par,250,0
0,"par[251]",par,251,0
0,"par[252]",par,252,0
0,"par[253]",par,253,0
1,"z1l[0]",z1l,0,ABUYUSA
2,"z1l[1]",z1l,1,ABUYROW
1,"z1r[0]",z1r,0,ABUYUSA
2,"z1r[1]",z1r,1,ABUYROW
3,"x1l[0]",x1l,0,ASSEUU
4,"x1l[1]",x1l,1,ASSERU
5,"x1l[2]",x1l,2,ASSEUR
6,"x1l[3]",x1l,3,ASSERR
3,"yxr[0]",yxr,0,ASSEUU
4,"yxr[1]",yxr,1,ASSERU
5,"yxr[2]",yxr,2,ASSEUR
6,"yxr[3]",yxr,3,ASSERR
7,"z1l[2]",z1l,2,ASSUUSA
8,"z1l[3]",z1l,3,ASSUROW
7,"z1r[2]",z1r,2,ASSUUSA
8,"z1r[3]",z1r,3,ASSUROW
9,"exo[0]",exo,0,BCT1UU
10,"exo[1]",exo,1,BCT1UR
11,"exo[2]",exo,2,BCT1RU
12,"exo[3]",exo,3,BCT1RR
13,"exo[4]",exo,4,BCT2UU
14,"exo[5]",exo,5,BCT2UR
15,"exo[6]",exo,6,BCT2RU
16,"exo[7]",exo,7,BCT2RR
17,"x1l[4]",x1l,4,BONDUSA
18,"x1l[5]",x1l,5,BONDROW
17,"yxr[4]",yxr,4,BONDUSA
18,"yxr[5]",yxr,5,BONDROW
19,"x1l[6]",x1l,6,CAP1USA
20,"x1l[7]",x1l,7,CAP1ROW
21,"x1l[8]",x1l,8,CAP2USA
22,"x1l[9]",x1l,9,CAP2ROW
19,"yxr[6]",yxr,6,CAP1USA
20,"yxr[7]",yxr,7,CAP1ROW
21,"yxr[8]",yxr,8,CAP2USA
22,"yxr[9]",yxr,9,CAP2ROW
23,"x1l[10]",x1l,10,CAPYUSA
24,"x1l[11]",x1l,11,CAPYROW
23,"yxr[10]",yxr,10,CAPYUSA
24,"yxr[11]",yxr,11,CAPYROW
25,"x1l[12]",x1l,12,CAPZUSA
26,"x1l[13]",x1l,13,CAPZROW
25,"yxr[12]",yxr,12,CAPZUSA
26,"yxr[13]",yxr,13,CAPZROW
27,"z1l[4]",z1l,4,CNPEUSA
28,"z1l[5]",z1l,5,CNPEROW
27,"z1r[4]",z1r,4,CNPEUSA
28,"z1r[5]",z1r,5,CNPEROW
29,"z1l[6]",z1l,6,CNPKUSA
30,"z1l[7]",z1l,7,CNPKROW
29,"z1r[6]",z1r,6,CNPKUSA
30,"z1r[7]",z1r,7,CNPKROW
31,"z1l[8]",z1l,8,CNPLUSA
32,"z1l[9]",z1l,9,CNPLROW
31,"z1r[8]",z1r,8,CNPLUSA
32,"z1r[9]",z1r,9,CNPLROW
33,"z1l[10]",z1l,10,CNPOUSA
34,"z1l[11]",z1l,11,CNPOROW
33,"z1r[10]",z1r,10,CNPOUSA
34,"z1r[11]",z1r,11,CNPOROW
35,"z1l[12]",z1l,12,CON1USA
36,"z1l[13]",z1l,13,CON1ROW
37,"z1l[14]",z1l,14,CON2USA
38,"z1l[15]",z1l,15,CON2ROW
35,"z1r[12]",z1r,12,CON1USA
36,"z1r[13]",z1r,13,CON1ROW
37,"z1r[14]",z1r,14,CON2USA
38,"z1r[15]",z1r,15,CON2ROW
39,"z1l[16]",z1l,16,CONPUSA
40,"z1l[17]",z1l,17,CONPROW
39,"z1r[16]",z1r,16,CONPUSA
40,"z1r[17]",z1r,17,CONPROW
41,"z1l[18]",z1l,18,CURNUSA
42,"z1l[19]",z1l,19,CURNROW
41,"z1r[18]",z1r,18,CURNUSA
42,"z1r[19]",z1r,19,CURNROW
43,"z1l[20]",z1l,20,CURRUSA
44,"z1l[21]",z1l,21,CURRROW
43,"z1r[20]",z1r,20,CURRUSA
44,"z1r[21]",z1r,21,CURRROW
45,"z1l[22]",z1l,22,DEFIUSA
46,"z1l[23]",z1l,23,DEFIROW
45,"z1r[22]",z1r,22,DEFIUSA
46,"z1r[23]",z1r,23,DEFIROW
47,"z1l[24]",z1l,24,DEFNUSA
48,"z1l[25]",z1l,25,DEFNROW
47,"z1r[24]",z1r,24,DEFNUSA
48,"z1r[25]",z1r,25,DEFNROW
49,"exo[8]",exo,8,DEFXUSA
50,"exo[9]",exo,9,DEFXROW
51,"z1l[26]",z1l,26,EN11USA
52,"z1l[27]",z1l,27,EN11ROW
53,"z1l[28]",z1l,28,EN21USA
54,"z1l[29]",z1l,29,EN21ROW
51,"z1r[26]",z1r,26,EN11USA
52,"z1r[27]",z1r,27,EN11ROW
53,"z1r[28]",z1r,28,EN21USA
54,"z1r[29]",z1r,29,EN21ROW
55,"z1l[30]",z1l,30,ENT1USA
56,"z1l[31]",z1l,31,ENT1ROW
57,"z1l[32]",z1l,32,ENT2USA
58,"z1l[33]",z1l,33,ENT2ROW
55,"z1r[30]",z1r,30,ENT1USA
56,"z1r[31]",z1r,31,ENT1ROW
57,"z1r[32]",z1r,32,ENT2USA
58,"z1r[33]",z1r,33,ENT2ROW
59,"z1l[34]",z1l,34,EPRCUSA
60,"z1l[35]",z1l,35,EPRCROW
59,"z1r[34]",z1r,34,EPRCUSA
60,"z1r[35]",z1r,35,EPRCROW
61,"x1l[14]",x1l,14,EXCHUU
62,"x1l[15]",x1l,15,EXCHRU
61,"yxr[14]",yxr,14,EXCHUU
62,"yxr[15]",yxr,15,EXCHRU
61,"x1r[14]",x1r,14,EXCHUU
62,"x1r[15]",x1r,15,EXCHRU
63,"x1l[16]",x1l,16,EXCLUSA
64,"x1l[17]",x1l,17,EXCLROW
63,"yxr[16]",yxr,16,EXCLUSA
64,"yxr[17]",yxr,17,EXCLROW
65,"exo[10]",exo,10,EXCRUSA
66,"exo[11]",exo,11,EXCRROW
67,"exo[12]",exo,12,EXCXUSA
68,"exo[13]",exo,13,EXCXROW
69,"z1l[36]",z1l,36,EXQ1USA
70,"z1l[37]",z1l,37,EXQ1ROW
71,"z1l[38]",z1l,38,EXQ2USA
72,"z1l[39]",z1l,39,EXQ2ROW
69,"z1r[36]",z1r,36,EXQ1USA
70,"z1r[37]",z1r,37,EXQ1ROW
71,"z1r[38]",z1r,38,EXQ2USA
72,"z1r[39]",z1r,39,EXQ2ROW
73,"z1l[40]",z1l,40,EXQTUSA
74,"z1l[41]",z1l,41,EXQTROW
73,"z1r[40]",z1r,40,EXQTUSA
74,"z1r[41]",z1r,41,EXQTROW
75,"z1l[42]",z1l,42,EYGRUSA
76,"z1l[43]",z1l,43,EYGRROW
75,"z1r[42]",z1r,42,EYGRUSA
76,"z1r[43]",z1r,43,EYGRROW
77,"z1l[44]",z1l,44,GCE1USA
78,"z1l[45]",z1l,45,GCE1ROW
79,"z1l[46]",z1l,46,GCE2USA
80,"z1l[47]",z1l,47,GCE2ROW
77,"z1r[44]",z1r,44,GCE1USA
78,"z1r[45]",z1r,45,GCE1ROW
79,"z1r[46]",z1r,46,GCE2USA
80,"z1r[47]",z1r,47,GCE2ROW
81,"z1l[48]",z1l,48,GCETUSA
82,"z1l[49]",z1l,49,GCETROW
81,"z1r[48]",z1r,48,GCETUSA
82,"z1r[49]",z1r,49,GCETROW
83,"z1l[50]",z1l,50,GDPNUSA
84,"z1l[51]",z1l,51,GDPNROW
83,"z1r[50]",z1r,50,GDPNUSA
84,"z1r[51]",z1r,51,GDPNROW
85,"z1l[52]",z1l,52,GDPRUSA
86,"z1l[53]",z1l,53,GDPRROW
85,"z1r[52]",z1r,52,GDPRUSA
86,"z1r[53]",z1r,53,GDPRROW
87,"z1l[54]",z1l,54,GNENUSA
88,"z1l[55]",z1l,55,GNENROW
87,"z1r[54]",z1r,54,GNENUSA
88,"z1r[55]",z1r,55,GNENROW
89,"z1l[56]",z1l,56,GNERUSA
90,"z1l[57]",z1l,57,GNERROW
89,"z1r[56]",z1r,56,GNERUSA
90,"z1r[57]",z1r,57,GNERROW
91,"z1l[58]",z1l,58,GNPRUSA
92,"z1l[59]",z1l,59,GNPRROW
91,"z1r[58]",z1r,58,GNPRUSA
92,"z1r[59]",z1r,59,GNPRROW
93,"exo[14]",exo,14,GOVLUSA
94,"exo[15]",exo,15,GOVLROW
95,"exo[16]",exo,16,GOVSUSA
96,"exo[17]",exo,17,GOVSROW
97,"z1l[60]",z1l,60,GOVTUSA
98,"z1l[61]",z1l,61,GOVTROW
97,"z1r[60]",z1r,60,GOVTUSA
98,"z1r[61]",z1r,61,GOVTROW
99,"z1l[62]",z1l,62,IIN1USA
100,"z1l[63]",z1l,63,IIN1ROW
101,"z1l[64]",z1l,64,IIN2USA
102,"z1l[65]",z1l,65,IIN2ROW
99,"z1r[62]",z1r,62,IIN1USA
100,"z1r[63]",z1r,63,IIN1ROW
101,"z1r[64]",z1r,64,IIN2USA
102,"z1r[65]",z1r,65,IIN2ROW
103,"z1l[66]",z1l,66,IITEUSA
104,"z1l[67]",z1l,67,IITEROW
103,"z1r[66]",z1r,66,IITEUSA
104,"z1r[67]",z1r,67,IITEROW
105,"z1l[68]",z1l,68,IITLUSA
106,"z1l[69]",z1l,69,IITLROW
105,"z1r[68]",z1r,68,IITLUSA
106,"z1r[69]",z1r,69,IITLROW
107,"z1l[70]",z1l,70,IITOUSA
108,"z1l[71]",z1l,71,IITOROW
107,"z1r[70]",z1r,70,IITOUSA
108,"z1r[71]",z1r,71,IITOROW
109,"z1l[72]",z1l,72,IMP1UU
110,"z1l[73]",z1l,73,IMP1UR
111,"z1l[74]",z1l,74,IMP1RU
112,"z1l[75]",z1l,75,IMP1RR
113,"z1l[76]",z1l,76,IMP2UU
114,"z1l[77]",z1l,77,IMP2UR
115,"z1l[78]",z1l,78,IMP2RU
116,"z1l[79]",z1l,79,IMP2RR
109,"z1r[72]",z1r,72,IMP1UU
110,"z1r[73]",z1r,73,IMP1UR
111,"z1r[74]",z1r,74,IMP1RU
112,"z1r[75]",z1r,75,IMP1RR
113,"z1r[76]",z1r,76,IMP2UU
114,"z1r[77]",z1r,77,IMP2UR
115,"z1r[78]",z1r,78,IMP2RU
116,"z1r[79]",z1r,79,IMP2RR
117,"exo[18]",exo,18,IMPX1UU
118,"exo[19]",exo,19,IMPX1UR
119,"exo[20]",exo,20,IMPX1RU
120,"exo[21]",exo,21,IMPX1RR
121,"exo[22]",exo,22,IMPX2UU
122,"exo[23]",exo,23,IMPX2UR
123,"exo[24]",exo,24,IMPX2RU
124,"exo[25]",exo,25,IMPX2RR
125,"z1l[80]",z1l,80,IMQ1USA
126,"z1l[81]",z1l,81,IMQ1ROW
127,"z1l[82]",z1l,82,IMQ2USA
128,"z1l[83]",z1l,83,IMQ2ROW
125,"z1r[80]",z1r,80,IMQ1USA
126,"z1r[81]",z1r,81,IMQ1ROW
127,"z1r[82]",z1r,82,IMQ2USA
128,"z1r[83]",z1r,83,IMQ2ROW
129,"z1l[84]",z1l,84,IMQTUSA
130,"z1l[85]",z1l,85,IMQTROW
129,"z1r[84]",z1r,84,IMQTUSA
130,"z1r[85]",z1r,85,IMQTROW
131,"z1l[86]",z1l,86,INASUSA
132,"z1l[87]",z1l,87,INASROW
131,"z1r[86]",z1r,86,INASUSA
132,"z1r[87]",z1r,87,INASROW
133,"z1l[88]",z1l,88,INCMUSA
134,"z1l[89]",z1l,89,INCMROW
133,"z1r[88]",z1r,88,INCMUSA
134,"z1r[89]",z1r,89,INCMROW
135,"z1l[90]",z1l,90,INFCLUSA
136,"z1l[91]",z1l,91,INFCLROW
135,"z1r[90]",z1r,90,INFCLUSA
136,"z1r[91]",z1r,91,INFCLROW
137,"z1l[92]",z1l,92,INFLUSA
138,"z1l[93]",z1l,93,INFLROW
137,"z1r[92]",z1r,92,INFLUSA
138,"z1r[93]",z1r,93,INFLROW
139,"z1l[94]",z1l,94,INFPUSA
140,"z1l[95]",z1l,95,INFPROW
139,"z1r[94]",z1r,94,INFPUSA
140,"z1r[95]",z1r,95,INFPROW
141,"exo[26]",exo,26,INFXUSA
142,"exo[27]",exo,27,INFXROW
143,"x1l[18]",x1l,18,INPNUSA
144,"x1l[19]",x1l,19,INPNROW
143,"yxr[18]",yxr,18,INPNUSA
144,"yxr[19]",yxr,19,INPNROW
143,"x1r[18]",x1r,18,INPNUSA
144,"x1r[19]",x1r,19,INPNROW
145,"exo[28]",exo,28,INS1USA
146,"exo[29]",exo,29,INS2USA
147,"exo[30]",exo,30,INS1ROW
148,"exo[31]",exo,31,INS2ROW
149,"z1l[96]",z1l,96,INTFUSA
150,"z1l[97]",z1l,97,INTFROW
149,"z1r[96]",z1r,96,INTFUSA
150,"z1r[97]",z1r,97,INTFROW
151,"x1l[20]",x1l,20,INTLUSA
152,"x1l[21]",x1l,21,INTLROW
151,"yxr[20]",yxr,20,INTLUSA
152,"yxr[21]",yxr,21,INTLROW
153,"x1l[22]",x1l,22,INTNUSA
154,"x1l[23]",x1l,23,INTNROW
153,"yxr[22]",yxr,22,INTNUSA
154,"yxr[23]",yxr,23,INTNROW
153,"x1r[22]",x1r,22,INTNUSA
154,"x1r[23]",x1r,23,INTNROW
155,"z1l[98]",z1l,98,INTRUSA
156,"z1l[99]",z1l,99,INTRROW
155,"z1r[98]",z1r,98,INTRUSA
156,"z1r[99]",z1r,99,INTRROW
157,"exo[32]",exo,32,INTXUSA
158,"exo[33]",exo,33,INTXROW
159,"z1l[100]",z1l,100,INV1USA
160,"z1l[101]",z1l,101,INV1ROW
161,"z1l[102]",z1l,102,INV2USA
162,"z1l[103]",z1l,103,INV2ROW
159,"z1r[100]",z1r,100,INV1USA
160,"z1r[101]",z1r,101,INV1ROW
161,"z1r[102]",z1r,102,INV2USA
162,"z1r[103]",z1r,103,INV2ROW
163,"z1l[104]",z1l,104,INVPUSA
164,"z1l[105]",z1l,105,INVPROW
163,"z1r[104]",z1r,104,INVPUSA
164,"z1r[105]",z1r,105,INVPROW
165,"z1l[106]",z1l,106,INVTUSA
166,"z1l[107]",z1l,107,INVTROW
165,"z1r[106]",z1r,106,INVTUSA
166,"z1r[107]",z1r,107,INVTROW
167,"z1l[108]",z1l,108,INVYUSA
168,"z1l[109]",z1l,109,INVYROW
167,"z1r[108]",z1r,108,INVYUSA
168,"z1r[109]",z1r,109,INVYROW
169,"z1l[110]",z1l,110,INVZUSA
170,"z1l[111]",z1l,111,INVZROW
169,"z1r[110]",z1r,110,INVZUSA
170,"z1r[111]",z1r,111,INVZROW
171,"z1l[112]",z1l,112,IRASUSA
172,"z1l[113]",z1l,113,IRASROW
171,"z1r[112]",z1r,112,IRASUSA
172,"z1r[113]",z1r,113,IRASROW
173,"z1l[114]",z1l,114,JNV1USA
174,"z1l[115]",z1l,115,JNV1ROW
175,"z1l[116]",z1l,116,JNV2USA
176,"z1l[117]",z1l,117,JNV2ROW
173,"z1r[114]",z1r,114,JNV1USA
174,"z1r[115]",z1r,115,JNV1ROW
175,"z1r[116]",z1r,116,JNV2USA
176,"z1r[117]",z1r,117,JNV2ROW
177,"z1l[118]",z1l,118,JNVYUSA
178,"z1l[119]",z1l,119,JNVYROW
177,"z1r[118]",z1r,118,JNVYUSA
178,"z1r[119]",z1r,119,JNVYROW
179,"z1l[120]",z1l,120,JNVZUSA
180,"z1l[121]",z1l,121,JNVZROW
179,"z1r[120]",z1r,120,JNVZUSA
180,"z1r[121]",z1r,121,JNVZROW
181,"z1l[122]",z1l,122,LAB1USA
182,"z1l[123]",z1l,123,LAB1ROW
183,"z1l[124]",z1l,124,LAB2USA
184,"z1l[125]",z1l,125,LAB2ROW
181,"z1r[122]",z1r,122,LAB1USA
182,"z1r[123]",z1r,123,LAB1ROW
183,"z1r[124]",z1r,124,LAB2USA
184,"z1r[125]",z1r,125,LAB2ROW
185,"z1l[126]",z1l,126,LABOUSA
186,"z1l[127]",z1l,127,LABOROW
185,"z1r[126]",z1r,126,LABOUSA
186,"z1r[127]",z1r,127,LABOROW
187,"exo[34]",exo,34,LABXUSA
188,"exo[35]",exo,35,LABXROW
189,"j1l[0]",j1l,0,LAM1USA
190,"j1l[1]",j1l,1,LAM1ROW
191,"j1l[2]",j1l,2,LAM2USA
192,"j1l[3]",j1l,3,LAM2ROW
189,"yjr[0]",yjr,0,LAM1USA
190,"yjr[1]",yjr,1,LAM1ROW
191,"yjr[2]",yjr,2,LAM2USA
192,"yjr[3]",yjr,3,LAM2ROW
193,"j1l[4]",j1l,4,LAMYUSA
194,"j1l[5]",j1l,5,LAMYROW
193,"yjr[4]",yjr,4,LAMYUSA
194,"yjr[5]",yjr,5,LAMYROW
195,"j1l[6]",j1l,6,LAMZUSA
196,"j1l[7]",j1l,7,LAMZROW
195,"yjr[6]",yjr,6,LAMZUSA
196,"yjr[7]",yjr,7,LAMZROW
197,"exo[36]",exo,36,LGDPNUSA
198,"exo[37]",exo,37,LGDPNROW
199,"exo[38]",exo,38,LGDPRUSA
200,"exo[39]",exo,39,LGDPRROW
201,"z1l[128]",z1l,128,MONEUSA
202,"z1l[129]",z1l,129,MONEROW
201,"z1r[128]",z1r,128,MONEUSA
202,"z1r[129]",z1r,129,MONEROW
203,"z1l[130]",z1l,130,NB02USA
204,"z1l[131]",z1l,131,NB02ROW
203,"z1r[130]",z1r,130,NB02USA
204,"z1r[131]",z1r,131,NB02ROW
205,"z1l[132]",z1l,132,NB05USA
206,"z1l[133]",z1l,133,NB05ROW
205,"z1r[132]",z1r,132,NB05USA
206,"z1r[133]",z1r,133,NB05ROW
207,"z1l[134]",z1l,134,NB10USA
208,"z1l[135]",z1l,135,NB10ROW
207,"z1r[134]",z1r,134,NB10USA
208,"z1r[135]",z1r,135,NB10ROW
209,"z1l[136]",z1l,136,NEERUSA
210,"z1l[137]",z1l,137,NEERROW
209,"z1r[136]",z1r,136,NEERUSA
210,"z1r[137]",z1r,137,NEERROW
211,"z1l[138]",z1l,138,OI12USA
212,"z1l[139]",z1l,139,OI12ROW
213,"z1l[140]",z1l,140,OI22USA
214,"z1l[141]",z1l,141,OI22ROW
211,"z1r[138]",z1r,138,OI12USA
212,"z1r[139]",z1r,139,OI12ROW
213,"z1r[140]",z1r,140,OI22USA
214,"z1r[141]",z1r,141,OI22ROW
215,"z1l[142]",z1l,142,OIN1USA
216,"z1l[143]",z1l,143,OIN1ROW
217,"z1l[144]",z1l,144,OIN2USA
218,"z1l[145]",z1l,145,OIN2ROW
215,"z1r[142]",z1r,142,OIN1USA
216,"z1r[143]",z1r,143,OIN1ROW
217,"z1r[144]",z1r,144,OIN2USA
218,"z1r[145]",z1r,145,OIN2ROW
219,"z1l[146]",z1l,146,OUG1USA
220,"z1l[147]",z1l,147,OUG1ROW
221,"z1l[148]",z1l,148,OUG2USA
222,"z1l[149]",z1l,149,OUG2ROW
219,"z1r[146]",z1r,146,OUG1USA
220,"z1r[147]",z1r,147,OUG1ROW
221,"z1r[148]",z1r,148,OUG2USA
222,"z1r[149]",z1r,149,OUG2ROW
223,"z1l[150]",z1l,150,OUP1USA
224,"z1l[151]",z1l,151,OUP1ROW
225,"z1l[152]",z1l,152,OUP2USA
226,"z1l[153]",z1l,153,OUP2ROW
223,"z1r[150]",z1r,150,OUP1USA
224,"z1r[151]",z1r,151,OUP1ROW
225,"z1r[152]",z1r,152,OUP2USA
226,"z1r[153]",z1r,153,OUP2ROW
227,"x1l[24]",x1l,24,OUTLUSA
228,"x1l[25]",x1l,25,OUTLROW
227,"yxr[24]",yxr,24,OUTLUSA
228,"yxr[25]",yxr,25,OUTLROW
229,"zel[0]",zel,0,OUTPUSA
230,"zel[1]",zel,1,OUTPROW
229,"zer[0]",zer,0,OUTPUSA
230,"zer[1]",zer,1,OUTPROW
229,"exz[0]",exz,0,OUTPUSA
230,"exz[1]",exz,1,OUTPROW
231,"z1l[154]",z1l,154,OUY1USA
232,"z1l[155]",z1l,155,OUY1ROW
233,"z1l[156]",z1l,156,OUY2USA
234,"z1l[157]",z1l,157,OUY2ROW
231,"z1r[154]",z1r,154,OUY1USA
232,"z1r[155]",z1r,155,OUY1ROW
233,"z1r[156]",z1r,156,OUY2USA
234,"z1r[157]",z1r,157,OUY2ROW
235,"exo[40]",exo,40,PERRUSA
236,"exo[41]",exo,41,PERRROW
237,"z1l[158]",z1l,158,PGDPUSA
238,"z1l[159]",z1l,159,PGDPROW
237,"z1r[158]",z1r,158,PGDPUSA
238,"z1r[159]",z1r,159,PGDPROW
239,"z1l[160]",z1l,160,PIM1UU
240,"z1l[161]",z1l,161,PIM1UR
241,"z1l[162]",z1l,162,PIM1RU
242,"z1l[163]",z1l,163,PIM1RR
243,"z1l[164]",z1l,164,PIM2UU
244,"z1l[165]",z1l,165,PIM2UR
245,"z1l[166]",z1l,166,PIM2RU
246,"z1l[167]",z1l,167,PIM2RR
239,"z1r[160]",z1r,160,PIM1UU
240,"z1r[161]",z1r,161,PIM1UR
241,"z1r[162]",z1r,162,PIM1RU
242,"z1r[163]",z1r,163,PIM1RR
243,"z1r[164]",z1r,164,PIM2UU
244,"z1r[165]",z1r,165,PIM2UR
245,"z1r[166]",z1r,166,PIM2RU
246,"z1r[167]",z1r,167,PIM2RR
247,"z1l[168]",z1l,168,PMQ1USA
248,"z1l[169]",z1l,169,PMQ1ROW
249,"z1l[170]",z1l,170,PMQ2USA
250,"z1l[171]",z1l,171,PMQ2ROW
247,"z1r[168]",z1r,168,PMQ1USA
248,"z1r[169]",z1r,169,PMQ1ROW
249,"z1r[170]",z1r,170,PMQ2USA
250,"z1r[171]",z1r,171,PMQ2ROW
251,"z1l[172]",z1l,172,PMR1USA
252,"z1l[173]",z1l,173,PMR1ROW
253,"z1l[174]",z1l,174,PMR2USA
254,"z1l[175]",z1l,175,PMR2ROW
251,"z1r[172]",z1r,172,PMR1USA
252,"z1r[173]",z1r,173,PMR1ROW
253,"z1r[174]",z1r,174,PMR2USA
254,"z1r[175]",z1r,175,PMR2ROW
255,"z1l[176]",z1l,176,POI1USA
256,"z1l[177]",z1l,177,POI1ROW
257,"z1l[178]",z1l,178,POI2USA
258,"z1l[179]",z1l,179,POI2ROW
255,"z1r[176]",z1r,176,POI1USA
256,"z1r[177]",z1r,177,POI1ROW
257,"z1r[178]",z1r,178,POI2USA
258,"z1r[179]",z1r,179,POI2ROW
259,"z1l[180]",z1l,180,PRCEUSA
260,"z1l[181]",z1l,181,PRCEROW
259,"z1r[180]",z1r,180,PRCEUSA
260,"z1r[181]",z1r,181,PRCEROW
261,"x1l[26]",x1l,26,PRCLUSA
262,"x1l[27]",x1l,27,PRCLROW
261,"yxr[26]",yxr,26,PRCLUSA
262,"yxr[27]",yxr,27,PRCLROW
263,"z1l[182]",z1l,182,PRCOUSA
264,"z1l[183]",z1l,183,PRCOROW
263,"z1r[182]",z1r,182,PRCOUSA
264,"z1r[183]",z1r,183,PRCOROW
265,"x1l[28]",x1l,28,PRCOLUSA
266,"x1l[29]",x1l,29,PRCOLROW
265,"yxr[28]",yxr,28,PRCOLUSA
266,"yxr[29]",yxr,29,PRCOLROW
267,"zel[2]",zel,2,PRCTUSA
268,"zel[3]",zel,3,PRCTROW
267,"zer[2]",zer,2,PRCTUSA
268,"zer[3]",zer,3,PRCTROW
267,"exz[2]",exz,2,PRCTUSA
268,"exz[3]",exz,3,PRCTROW
269,"z1l[184]",z1l,184,PRD1USA
270,"z1l[185]",z1l,185,PRD1ROW
271,"z1l[186]",z1l,186,PRD2USA
272,"z1l[187]",z1l,187,PRD2ROW
269,"z1r[184]",z1r,184,PRD1USA
270,"z1r[185]",z1r,185,PRD1ROW
271,"z1r[186]",z1r,186,PRD2USA
272,"z1r[187]",z1r,187,PRD2ROW
273,"x1l[30]",x1l,30,PRDLUSA
274,"x1l[31]",x1l,31,PRDLROW
273,"yxr[30]",yxr,30,PRDLUSA
274,"yxr[31]",yxr,31,PRDLROW
275,"exo[42]",exo,42,PRDXUSA
276,"exo[43]",exo,43,PRDXROW
277,"z1l[188]",z1l,188,PRE1USA
278,"z1l[189]",z1l,189,PRE1ROW
279,"z1l[190]",z1l,190,PRE2USA
280,"z1l[191]",z1l,191,PRE2ROW
277,"z1r[188]",z1r,188,PRE1USA
278,"z1r[189]",z1r,189,PRE1ROW
279,"z1r[190]",z1r,190,PRE2USA
280,"z1r[191]",z1r,191,PRE2ROW
281,"z1l[192]",z1l,192,PRF1USA
282,"z1l[193]",z1l,193,PRF1ROW
283,"z1l[194]",z1l,194,PRF2USA
284,"z1l[195]",z1l,195,PRF2ROW
281,"z1r[192]",z1r,192,PRF1USA
282,"z1r[193]",z1r,193,PRF1ROW
283,"z1r[194]",z1r,194,PRF2USA
284,"z1r[195]",z1r,195,PRF2ROW
285,"z1l[196]",z1l,196,PRFTUSA
286,"z1l[197]",z1l,197,PRFTROW
285,"z1r[196]",z1r,196,PRFTUSA
286,"z1r[197]",z1r,197,PRFTROW
287,"z1l[198]",z1l,198,PRFYUSA
288,"z1l[199]",z1l,199,PRFYROW
287,"z1r[198]",z1r,198,PRFYUSA
288,"z1r[199]",z1r,199,PRFYROW
289,"z1l[200]",z1l,200,PRFZUSA
290,"z1l[201]",z1l,201,PRFZROW
289,"z1r[200]",z1r,200,PRFZUSA
290,"z1r[201]",z1r,201,PRFZROW
291,"z1l[202]",z1l,202,PRGTUSA
292,"z1l[203]",z1l,203,PRGTROW
291,"z1r[202]",z1r,202,PRGTUSA
292,"z1r[203]",z1r,203,PRGTROW
293,"zel[4]",zel,4,PRIDUSA
294,"zel[5]",zel,5,PRIDROW
293,"zer[4]",zer,4,PRIDUSA
294,"zer[5]",zer,5,PRIDROW
293,"exz[4]",exz,4,PRIDUSA
294,"exz[5]",exz,5,PRIDROW
295,"z1l[204]",z1l,204,PRIEUSA
296,"z1l[205]",z1l,205,PRIEROW
295,"z1r[204]",z1r,204,PRIEUSA
296,"z1r[205]",z1r,205,PRIEROW
297,"z1l[206]",z1l,206,PRIIUSA
298,"z1l[207]",z1l,207,PRIIROW
297,"z1r[206]",z1r,206,PRIIUSA
298,"z1r[207]",z1r,207,PRIIROW
299,"z1l[208]",z1l,208,PRIMUSA
300,"z1l[209]",z1l,209,PRIMROW
299,"z1r[208]",z1r,208,PRIMUSA
300,"z1r[209]",z1r,209,PRIMROW
301,"z1l[210]",z1l,210,PRIXUSA
302,"z1l[211]",z1l,211,PRIXROW
301,"z1r[210]",z1r,210,PRIXUSA
302,"z1r[211]",z1r,211,PRIXROW
303,"z1l[212]",z1l,212,PRK1USA
304,"z1l[213]",z1l,213,PRK1ROW
305,"z1l[214]",z1l,214,PRK2USA
306,"z1l[215]",z1l,215,PRK2ROW
303,"z1r[212]",z1r,212,PRK1USA
304,"z1r[213]",z1r,213,PRK1ROW
305,"z1r[214]",z1r,214,PRK2USA
306,"z1r[215]",z1r,215,PRK2ROW
307,"z1l[216]",z1l,216,PRKYUSA
308,"z1l[217]",z1l,217,PRKYROW
307,"z1r[216]",z1r,216,PRKYUSA
308,"z1r[217]",z1r,217,PRKYROW
309,"z1l[218]",z1l,218,PRKZUSA
310,"z1l[219]",z1l,219,PRKZROW
309,"z1r[218]",z1r,218,PRKZUSA
310,"z1r[219]",z1r,219,PRKZROW
311,"z1l[220]",z1l,220,PROIUSA
312,"z1l[221]",z1l,221,PROIROW
311,"z1r[220]",z1r,220,PROIUSA
312,"z1r[221]",z1r,221,PROIROW
313,"z1l[222]",z1l,222,PRP1USA
314,"z1l[223]",z1l,223,PRP1ROW
315,"z1l[224]",z1l,224,PRP2USA
316,"z1l[225]",z1l,225,PRP2ROW
313,"z1r[222]",z1r,222,PRP1USA
314,"z1r[223]",z1r,223,PRP1ROW
315,"z1r[224]",z1r,224,PRP2USA
316,"z1r[225]",z1r,225,PRP2ROW
317,"z1l[226]",z1l,226,PRS1USA
318,"z1l[227]",z1l,227,PRS1ROW
319,"z1l[228]",z1l,228,PRS2USA
320,"z1l[229]",z1l,229,PRS2ROW
317,"z1r[226]",z1r,226,PRS1USA
318,"z1r[227]",z1r,227,PRS1ROW
319,"z1r[228]",z1r,228,PRS2USA
320,"z1r[229]",z1r,229,PRS2ROW
321,"z1l[230]",z1l,230,PRX1USA
322,"z1l[231]",z1l,231,PRX1ROW
323,"z1l[232]",z1l,232,PRX2USA
324,"z1l[233]",z1l,233,PRX2ROW
321,"z1r[230]",z1r,230,PRX1USA
322,"z1r[231]",z1r,231,PRX1ROW
323,"z1r[232]",z1r,232,PRX2USA
324,"z1r[233]",z1r,233,PRX2ROW
325,"exo[44]",exo,44,PRXXUSA
326,"exo[45]",exo,45,PRXXROW
327,"z1l[234]",z1l,234,PRY1USA
328,"z1l[235]",z1l,235,PRY1ROW
329,"z1l[236]",z1l,236,PRY2USA
330,"z1l[237]",z1l,237,PRY2ROW
327,"z1r[234]",z1r,234,PRY1USA
328,"z1r[235]",z1r,235,PRY1ROW
329,"z1r[236]",z1r,236,PRY2USA
330,"z1r[237]",z1r,237,PRY2ROW
331,"exo[46]",exo,46,PTARUSA
332,"exo[47]",exo,47,PTARROW
333,"z1l[238]",z1l,238,RB10USA
334,"z1l[239]",z1l,239,RB10ROW
333,"z1r[238]",z1r,238,RB10USA
334,"z1r[239]",z1r,239,RB10ROW
335,"z1l[240]",z1l,240,REERUSA
336,"z1l[241]",z1l,241,REERROW
335,"z1r[240]",z1r,240,REERUSA
336,"z1r[241]",z1r,241,REERROW
337,"j1l[8]",j1l,8,REXCUU
338,"j1l[9]",j1l,9,REXCRU
337,"yjr[8]",yjr,8,REXCUU
338,"yjr[9]",yjr,9,REXCRU
339,"z1l[242]",z1l,242,REXNUSA
340,"z1l[243]",z1l,243,REXNROW
339,"z1r[242]",z1r,242,REXNUSA
340,"z1r[243]",z1r,243,REXNROW
341,"exo[48]",exo,48,RISE1USA
342,"exo[49]",exo,49,RISE1ROW
343,"exo[50]",exo,50,RISE2USA
344,"exo[51]",exo,51,RISE2ROW
345,"exo[52]",exo,52,RISHUSA
346,"exo[53]",exo,53,RISHROW
347,"exo[54]",exo,54,RISRUSA
348,"exo[55]",exo,55,RISRROW
349,"exo[56]",exo,56,RISWUSA
350,"exo[57]",exo,57,RISWROW
351,"exo[58]",exo,58,RISYUSA
352,"exo[59]",exo,59,RISYROW
353,"exo[60]",exo,60,RISZUSA
354,"exo[61]",exo,61,RISZROW
355,"exo[62]",exo,62,ROGYUSA
356,"exo[63]",exo,63,ROGYROW
357,"z1l[244]",z1l,244,SAVIUSA
358,"z1l[245]",z1l,245,SAVIROW
357,"z1r[244]",z1r,244,SAVIUSA
358,"z1r[245]",z1r,245,SAVIROW
359,"z1l[246]",z1l,246,SAVNUSA
360,"z1l[247]",z1l,247,SAVNROW
359,"z1r[246]",z1r,246,SAVNUSA
360,"z1r[247]",z1r,247,SAVNROW
361,"z1l[248]",z1l,248,SAVTUSA
362,"z1l[249]",z1l,249,SAVTROW
361,"z1r[248]",z1r,248,SAVTUSA
362,"z1r[249]",z1r,249,SAVTROW
363,"exo[64]",exo,64,SHEF1USA
364,"exo[65]",exo,65,SHEF1ROW
365,"exo[66]",exo,66,SHEF2USA
366,"exo[67]",exo,67,SHEF2ROW
367,"exo[68]",exo,68,SHEFCUSA
368,"exo[69]",exo,69,SHEFCROW
369,"exo[70]",exo,70,SHK1USA
370,"exo[71]",exo,71,SHK1ROW
371,"exo[72]",exo,72,SHK2USA
372,"exo[73]",exo,73,SHK2ROW
373,"exo[74]",exo,74,SHKCUSA
374,"exo[75]",exo,75,SHKCROW
375,"exo[76]",exo,76,SHKI1USA
376,"exo[77]",exo,77,SHKI2USA
377,"exo[78]",exo,78,SHKI1ROW
378,"exo[79]",exo,79,SHKI2ROW
379,"exo[80]",exo,80,SHKMUSA
380,"exo[81]",exo,81,SHKMROW
381,"exo[82]",exo,82,SHL1USA
382,"exo[83]",exo,83,SHL2USA
383,"exo[84]",exo,84,SHL1ROW
384,"exo[85]",exo,85,SHL2ROW
385,"exo[86]",exo,86,SHLYUSA
386,"exo[87]",exo,87,SHLYROW
387,"exo[88]",exo,88,SHLZUSA
388,"exo[89]",exo,89,SHLZROW
389,"exo[90]",exo,90,SHY1USA
390,"exo[91]",exo,91,SHY1ROW
391,"exo[92]",exo,92,SHY2USA
392,"exo[93]",exo,93,SHY2ROW
393,"exo[94]",exo,94,SHYYUSA
394,"exo[95]",exo,95,SHYYROW
395,"exo[96]",exo,96,SHYZUSA
396,"exo[97]",exo,97,SHYZROW
397,"z1l[250]",z1l,250,STM1USA
398,"z1l[251]",z1l,251,STM1ROW
399,"z1l[252]",z1l,252,STM2USA
400,"z1l[253]",z1l,253,STM2ROW
397,"z1r[250]",z1r,250,STM1USA
398,"z1r[251]",z1r,251,STM1ROW
399,"z1r[252]",z1r,252,STM2USA
400,"z1r[253]",z1r,253,STM2ROW
401,"z1l[254]",z1l,254,STMTUSA
402,"z1l[255]",z1l,255,STMTROW
401,"z1r[254]",z1r,254,STMTUSA
402,"z1r[255]",z1r,255,STMTROW
403,"exo[98]",exo,98,TAX1USA
404,"exo[99]",exo,99,TAX1ROW
405,"exo[100]",exo,100,TAX2USA
406,"exo[101]",exo,101,TAX2ROW
407,"z1l[256]",z1l,256,TAXCUSA
408,"z1l[257]",z1l,257,TAXCROW
407,"z1r[256]",z1r,256,TAXCUSA
408,"z1r[257]",z1r,257,TAXCROW
409,"z1l[258]",z1l,258,TAXHUSA
410,"z1l[259]",z1l,259,TAXHROW
409,"z1r[258]",z1r,258,TAXHUSA
410,"z1r[259]",z1r,259,TAXHROW
411,"z1l[260]",z1l,260,TAXLUSA
412,"z1l[261]",z1l,261,TAXLROW
411,"z1r[260]",z1r,260,TAXLUSA
412,"z1r[261]",z1r,261,TAXLROW
413,"z1l[262]",z1l,262,TAXMUSA
414,"z1l[263]",z1l,263,TAXMROW
413,"z1r[262]",z1r,262,TAXMUSA
414,"z1r[263]",z1r,263,TAXMROW
415,"exo[102]",exo,102,TAXSUSA
416,"exo[103]",exo,103,TAXSROW
417,"z1l[264]",z1l,264,TAXTUSA
418,"z1l[265]",z1l,265,TAXTROW
417,"z1r[264]",z1r,264,TAXTUSA
418,"z1r[265]",z1r,265,TAXTROW
419,"z1l[266]",z1l,266,TAXXUSA
420,"z1l[267]",z1l,267,TAXXROW
419,"z1r[266]",z1r,266,TAXXUSA
420,"z1r[267]",z1r,267,TAXXROW
421,"z1l[268]",z1l,268,TBALUSA
422,"z1l[269]",z1l,269,TBALROW
421,"z1r[268]",z1r,268,TBALUSA
422,"z1r[269]",z1r,269,TBALROW
423,"z1l[270]",z1l,270,TBAUUSA
424,"z1l[271]",z1l,271,TBAUROW
423,"z1r[270]",z1r,270,TBAUUSA
424,"z1r[271]",z1r,271,TBAUROW
425,"exo[104]",exo,104,TCORUSA
426,"exo[105]",exo,105,TCORROW
427,"exo[106]",exo,106,TEX1USA
428,"exo[107]",exo,107,TEX1ROW
429,"exo[108]",exo,108,TEX2USA
430,"exo[109]",exo,109,TEX2ROW
431,"exo[110]",exo,110,TIM1UU
432,"exo[111]",exo,111,TIM1UR
433,"exo[112]",exo,112,TIM1RU
434,"exo[113]",exo,113,TIM1RR
435,"exo[114]",exo,114,TIM2UU
436,"exo[115]",exo,115,TIM2UR
437,"exo[116]",exo,116,TIM2RU
438,"exo[117]",exo,117,TIM2RR
439,"exo[118]",exo,118,TINCUSA
440,"exo[119]",exo,119,TINCROW
441,"exo[120]",exo,120,TITC1USA
442,"exo[121]",exo,121,TITC1ROW
443,"exo[122]",exo,122,TITC2USA
444,"exo[123]",exo,123,TITC2ROW
445,"exo[124]",exo,124,TITCHUSA
446,"exo[125]",exo,125,TITCHROW
447,"exo[126]",exo,126,TIX1USA
448,"exo[127]",exo,127,TIX1ROW
449,"exo[128]",exo,128,TIX2USA
450,"exo[129]",exo,129,TIX2ROW
451,"z1l[272]",z1l,272,TOB1USA
452,"z1l[273]",z1l,273,TOB1ROW
453,"z1l[274]",z1l,274,TOB2USA
454,"z1l[275]",z1l,275,TOB2ROW
451,"z1r[272]",z1r,272,TOB1USA
452,"z1r[273]",z1r,273,TOB1ROW
453,"z1r[274]",z1r,274,TOB2USA
454,"z1r[275]",z1r,275,TOB2ROW
455,"z1l[276]",z1l,276,TOBYUSA
456,"z1l[277]",z1l,277,TOBYROW
455,"z1r[276]",z1r,276,TOBYUSA
456,"z1r[277]",z1r,277,TOBYROW
457,"z1l[278]",z1l,278,TOBZUSA
458,"z1l[279]",z1l,279,TOBZROW
457,"z1r[278]",z1r,278,TOBZUSA
458,"z1r[279]",z1r,279,TOBZROW
459,"x1l[32]",x1l,32,TPA1USA
460,"x1l[33]",x1l,33,TPA1ROW
461,"x1l[34]",x1l,34,TPA2USA
462,"x1l[35]",x1l,35,TPA2ROW
459,"yxr[32]",yxr,32,TPA1USA
460,"yxr[33]",yxr,33,TPA1ROW
461,"yxr[34]",yxr,34,TPA2USA
462,"yxr[35]",yxr,35,TPA2ROW
463,"x1l[36]",x1l,36,TPAYUSA
464,"x1l[37]",x1l,37,TPAYROW
463,"yxr[36]",yxr,36,TPAYUSA
464,"yxr[37]",yxr,37,TPAYROW
465,"x1l[38]",x1l,38,TPAZUSA
466,"x1l[39]",x1l,39,TPAZROW
465,"yxr[38]",yxr,38,TPAZUSA
466,"yxr[39]",yxr,39,TPAZROW
467,"z1l[280]",z1l,280,TRANUSA
468,"z1l[281]",z1l,281,TRANROW
467,"z1r[280]",z1r,280,TRANUSA
468,"z1r[281]",z1r,281,TRANROW
469,"exo[130]",exo,130,TRANXUSA
470,"exo[131]",exo,131,TRANXROW
471,"z1l[282]",z1l,282,TXM1USA
472,"z1l[283]",z1l,283,TXM1ROW
473,"z1l[284]",z1l,284,TXM2USA
474,"z1l[285]",z1l,285,TXM2ROW
471,"z1r[282]",z1r,282,TXM1USA
472,"z1r[283]",z1r,283,TXM1ROW
473,"z1r[284]",z1r,284,TXM2USA
474,"z1r[285]",z1r,285,TXM2ROW
475,"z1l[286]",z1l,286,WAG1USA
476,"z1l[287]",z1l,287,WAG1ROW
477,"z1l[288]",z1l,288,WAG2USA
478,"z1l[289]",z1l,289,WAG2ROW
475,"z1r[286]",z1r,286,WAG1USA
476,"z1r[287]",z1r,287,WAG1ROW
477,"z1r[288]",z1r,288,WAG2USA
478,"z1r[289]",z1r,289,WAG2ROW
479,"x1l[40]",x1l,40,WAGEUSA
480,"x1l[41]",x1l,41,WAGEROW
479,"yxr[40]",yxr,40,WAGEUSA
480,"yxr[41]",yxr,41,WAGEROW
481,"z1l[290]",z1l,290,WAGGUSA
482,"z1l[291]",z1l,291,WAGGROW
481,"z1r[290]",z1r,290,WAGGUSA
482,"z1r[291]",z1r,291,WAGGROW
483,"j1l[10]",j1l,10,WELHUSA
484,"j1l[11]",j1l,11,WELHROW
483,"yjr[10]",yjr,10,WELHUSA
484,"yjr[11]",yjr,11,WELHROW
485,"z1l[292]",z1l,292,WELTUSA
486,"z1l[293]",z1l,293,WELTROW
485,"z1r[292]",z1r,292,WELTUSA
486,"z1r[293]",z1r,293,WELTROW
487,"exo[132]",exo,132,WERRUSA
488,"exo[133]",exo,133,WERRROW
489,"exo[134]",exo,134,YRATNUSA
490,"exo[135]",exo,135,YRATNROW
