order,name,description,vector,type,units,region,2017,2018,2019,2020,2021,2022,2023,2024
1,ABUY(USA),new purchases of foreign assets,end,z1l,gdp,USA,0,0,0,0,0,0,0,0
2,ABUY(ROW),new purchases of foreign assets,end,z1l,gdp,ROW,0,0,0,0,0,0,0,0
3,"ASSE(USA,USA)","assets in each currency, including own",sta,x1l,usgdp,USA,0,0,0,0,0,0,0,0
4,"ASSE(USA,ROW)","assets in each currency, including own",sta,x1l,usgdp,ROW,0,0,0,0,0,0,0,0
5,"ASSE(ROW,USA)","assets in each currency, including own",sta,x1l,usgdp,USA,0,0,0,0,0,0,0,0
6,"ASSE(ROW,ROW)","assets in each currency, including own",sta,x1l,usgdp,ROW,0,0,0,0,0,0,0,0
7,ASSU(USA),"assets held by region, in US$",end,z1l,gdp,USA,0,0,0,0,0,0,0,0
8,ASSU(ROW),"assets held by region, in US$",end,z1l,gdp,ROW,0,0,0,0,0,0,0,0
9,"BCT(g01,USA,USA)",unit border tax adjustment,exo,exo,dollar,USA,0,0,0,0,0,0,0,0
10,"BCT(g01,USA,ROW)",unit border tax adjustment,exo,exo,dollar,USA,0,0,0,0,0,0,0,0
11,"BCT(g01,ROW,USA)",unit border tax adjustment,exo,exo,dollar,ROW,0,0,0,0,0,0,0,0
12,"BCT(g01,ROW,ROW)",unit border tax adjustment,exo,exo,dollar,ROW,0,0,0,0,0,0,0,0
13,"BCT(g02,USA,USA)",unit border tax adjustment,exo,exo,dollar,USA,0,0,0,0,0,0,0,0
14,"BCT(g02,USA,ROW)",unit border tax adjustment,exo,exo,dollar,USA,0,0,0,0,0,0,0,0
15,"BCT(g02,ROW,USA)",unit border tax adjustment,exo,exo,dollar,ROW,0,0,0,0,0,0,0,0
16,"BCT(g02,ROW,ROW)",unit border tax adjustment,exo,exo,dollar,ROW,0,0,0,0,0,0,0,0
17,BOND(USA),bonds,sta,x1l,gdp,USA,75,75,76,95,89,88,89,94
18,BOND(ROW),bonds,sta,x1l,gdp,ROW,75,75,76,95,89,88,89,94
19,"CAP(a01,USA)",capital stock,sta,x1l,gdp,USA,25.34692251,25.31541595,25.20269726,24.67984232,24.85999349,25.08876721,25.06272537,25.01414708
20,"CAP(a01,ROW)",capital stock,sta,x1l,gdp,ROW,25.34692251,25.31541595,25.20269726,24.67984232,24.85999349,25.08876721,25.06272537,25.01414708
21,"CAP(a02,USA)",capital stock,sta,x1l,gdp,USA,304.1870469,304.08661602,304.19821949,304.76003185,304.5208347,304.1875875,304.25346649,304.34789643
22,"CAP(a02,ROW)",capital stock,sta,x1l,gdp,ROW,304.1870469,304.08661602,304.19821949,304.76003185,304.5208347,304.1875875,304.25346649,304.34789643
23,CAPY(USA),capital stock of raw capital sector,sta,x1l,gdp,USA,15.34393365,15.34393365,15.34393365,15.34393365,15.34393365,15.34393365,15.34393365,15.34393365
24,CAPY(ROW),capital stock of raw capital sector,sta,x1l,gdp,ROW,15.34393365,15.34393365,15.34393365,15.34393365,15.34393365,15.34393365,15.34393365,15.34393365
25,CAPZ(USA),household capital stock,sta,x1l,gdp,USA,113.72425145,111.44723972,110.74599414,109.94640954,111.88851274,111.07789723,110.62791899,111.59143311
26,CAPZ(ROW),household capital stock,sta,x1l,gdp,ROW,113.72425145,111.44723972,110.74599414,109.94640954,111.88851274,111.07789723,110.62791899,111.59143311
27,CNPE(USA),household demand for energy,end,z1l,gdp,USA,1.81176957,1.80424131,1.79563771,1.77224897,1.80469465,1.8124315,1.80838056,1.80996757
28,CNPE(ROW),household demand for energy,end,z1l,gdp,ROW,1.81176957,1.80424131,1.79563771,1.77224897,1.80469465,1.8124315,1.80838056,1.80996757
29,CNPK(USA),household capital services,end,z1l,gdp,USA,5.7890164,5.76496191,5.73747145,5.66273908,5.76641043,5.79113143,5.77818776,5.78325861
30,CNPK(ROW),household capital services,end,z1l,gdp,ROW,5.7890164,5.76496191,5.73747145,5.66273908,5.76641043,5.79113143,5.77818776,5.78325861
31,CNPL(USA),household demand for labor,end,z1l,gdp,USA,2.8903379,2.87832798,2.86460256,2.82729021,2.8790512,2.89139389,2.88493138,2.88746315
32,CNPL(ROW),household demand for labor,end,z1l,gdp,ROW,2.8903379,2.87832798,2.86460256,2.82729021,2.8790512,2.89139389,2.88493138,2.88746315
33,CNPO(USA),household demand for material,end,z1l,gdp,USA,55.99498848,55.76231838,55.49641349,54.77355525,55.7763294,56.0154464,55.89024704,55.9392955
34,CNPO(ROW),household demand for material,end,z1l,gdp,ROW,55.99498848,55.76231838,55.49641349,54.77355525,55.7763294,56.0154464,55.89024704,55.9392955
35,"CON(g01,USA)",household demand for goods,end,z1l,gdp,USA,1.81176957,1.80424131,1.79563771,1.77224897,1.80469465,1.8124315,1.80838056,1.80996757
36,"CON(g01,ROW)",household demand for goods,end,z1l,gdp,ROW,1.81176957,1.80424131,1.79563771,1.77224897,1.80469465,1.8124315,1.80838056,1.80996757
37,"CON(g02,USA)",household demand for goods,end,z1l,gdp,USA,55.99498848,55.76231838,55.49641349,54.77355525,55.7763294,56.0154464,55.89024704,55.9392955
38,"CON(g02,ROW)",household demand for goods,end,z1l,gdp,ROW,55.99498848,55.76231838,55.49641349,54.77355525,55.7763294,56.0154464,55.89024704,55.9392955
39,CONP(USA),national accounts consumption,end,z1l,gdp,USA,66.48611235,66.20984958,65.89412522,65.03583351,66.22648568,66.51040323,66.36174674,66.41998484
40,CONP(ROW),national accounts consumption,end,z1l,gdp,ROW,66.48611235,66.20984958,65.89412522,65.03583351,66.22648568,66.51040323,66.36174674,66.41998484
41,CURN(USA),domestic currency current account using nominal interest payments,end,z1l,gdp,USA,0,0,0,0,0,0,0,0
42,CURN(ROW),domestic currency current account using nominal interest payments,end,z1l,gdp,ROW,0,0,0,0,0,0,0,0
43,CURR(USA),USD current account using real interest payments,end,z1l,gdp,USA,0,0,0,0,0,0,0,0
44,CURR(ROW),USD current account using real interest payments,end,z1l,gdp,ROW,0,0,0,0,0,0,0,0
45,DEFI(USA),fiscal deficit (real interest rates),end,z1l,gdp,USA,2.75116391,4.45402818,5.4445524,13.70611796,7.93799343,-2.35792259,4.61430725,5.60942463
46,DEFI(ROW),fiscal deficit (real interest rates),end,z1l,gdp,ROW,2.75116391,4.45402818,5.4445524,13.70611796,7.93799343,-2.35792259,4.61430725,5.60942463
47,DEFN(USA),fiscal deficit (nominal interest rates),end,z1l,gdp,USA,4.44994742,6.15281169,6.68866289,14.97511039,11.90911223,3.68851364,7.84803378,7.91435931
48,DEFN(ROW),fiscal deficit (nominal interest rates),end,z1l,gdp,ROW,4.44994742,6.15281169,6.68866289,14.97511039,11.90911223,3.68851364,7.84803378,7.91435931
49,DEFX(USA),fiscal deficit shocks (real interest rates),exo,exo,gdp,USA,2.75116391,4.45402818,5.4445524,13.70611796,7.93799343,-2.35792259,4.61430725,5.60942463
50,DEFX(ROW),fiscal deficit shocks (real interest rates),exo,exo,gdp,ROW,2.75116391,4.45402818,5.4445524,13.70611796,7.93799343,-2.35792259,4.61430725,5.60942463
51,"EN(a01,g01,USA)",sector demand for energy goods,end,z1l,gdp,USA,2.23636108,2.23306682,2.22622852,2.17768483,2.1791351,2.19669825,2.20903437,2.19986014
52,"EN(a01,g01,ROW)",sector demand for energy goods,end,z1l,gdp,ROW,2.23636108,2.23306682,2.22622852,2.17768483,2.1791351,2.19669825,2.20903437,2.19986014
53,"EN(a02,g01,USA)",sector demand for energy goods,end,z1l,gdp,USA,3.76923998,3.76712769,3.77377298,3.77665261,3.74883685,3.74049393,3.76622357,3.75903232
54,"EN(a02,g01,ROW)",sector demand for energy goods,end,z1l,gdp,ROW,3.76923998,3.76712769,3.77377298,3.77665261,3.74883685,3.74049393,3.76622357,3.75903232
55,"ENT(a01,USA)",sector demand for energy,end,z1l,gdp,USA,2.23636108,2.23306682,2.22622852,2.17768483,2.1791351,2.19669825,2.20903437,2.19986014
56,"ENT(a01,ROW)",sector demand for energy,end,z1l,gdp,ROW,2.23636108,2.23306682,2.22622852,2.17768483,2.1791351,2.19669825,2.20903437,2.19986014
57,"ENT(a02,USA)",sector demand for energy,end,z1l,gdp,USA,3.76923998,3.76712769,3.77377298,3.77665261,3.74883685,3.74049393,3.76622357,3.75903232
58,"ENT(a02,ROW)",sector demand for energy,end,z1l,gdp,ROW,3.76923998,3.76712769,3.77377298,3.77665261,3.74883685,3.74049393,3.76622357,3.75903232
59,EPRC(USA),expected consumer price inflation rate,end,z1l,pct,USA,2.02632822,1.42230376,1.11223209,4.03165185,6.33602101,3.72835299,2.58455568,2.58455568
60,EPRC(ROW),expected consumer price inflation rate,end,z1l,pct,ROW,2.02632822,1.42230376,1.11223209,4.03165185,6.33602101,3.72835299,2.58455568,2.58455568
61,EXCH(USA),exch rate as US$ per unit of region currency,stl,x1l,idx,USA,100,100,100,100,100,100,100,100
62,EXCH(ROW),exch rate as US$ per unit of region currency,stl,x1l,idx,ROW,100,100,100,100,100,100,100,100
63,EXCL(USA),exch rate as US$ per unit of region currency - lagged,sta,x1l,idx,USA,100,100,100,100,100,100,100,100
64,EXCL(ROW),exch rate as US$ per unit of region currency - lagged,sta,x1l,idx,ROW,100,100,100,100,100,100,100,100
65,EXCR(USA),country risk premium relative to US,exo,exo,pct,USA,0,0,0,0,0,0,0,0
66,EXCR(ROW),country risk premium relative to US,exo,exo,pct,ROW,0,0,0,0,0,0,0,0
67,EXCX(USA),exchange rate target percentage change,exo,exo,pct,USA,0,0,0,0,0,0,0,0
68,EXCX(ROW),exchange rate target percentage change,exo,exo,pct,ROW,0,0,0,0,0,0,0,0
69,"EXQ(g01,USA)","exports, EXP.xx",end,z1l,gdp,USA,0.8884374,0.9013167,0.8617556,0.77052463,0.85099915,0.90507248,0.82586783,0.83391715
70,"EXQ(g01,ROW)","exports, EXP.xx",end,z1l,gdp,ROW,0.8884374,0.9013167,0.8617556,0.77052463,0.85099915,0.90507248,0.82586783,0.83391715
71,"EXQ(g02,USA)","exports, EXP.xx",end,z1l,gdp,USA,13.77678007,13.97649619,13.36303189,11.94833578,13.1962343,14.03473618,12.80652918,12.93134795
72,"EXQ(g02,ROW)","exports, EXP.xx",end,z1l,gdp,ROW,13.77678007,13.97649619,13.36303189,11.94833578,13.1962343,14.03473618,12.80652918,12.93134795
73,EXQT(USA),value of exports at source,end,z1l,gdp,USA,14.66521747,14.87781289,14.22478749,12.71886041,14.04723345,14.93980866,13.63239702,13.7652651
74,EXQT(ROW),value of exports at source,end,z1l,gdp,ROW,14.66521747,14.87781289,14.22478749,12.71886041,14.04723345,14.93980866,13.63239702,13.7652651
75,EYGR(USA),expected output growth,end,z1l,pct,USA,5.23358784,4.17930877,-0.56290112,10.50084003,9.35677649,6.23927356,5.30685699,5.30685699
76,EYGR(ROW),expected output growth,end,z1l,pct,ROW,5.23358784,4.17930877,-0.56290112,10.50084003,9.35677649,6.23927356,5.30685699,5.30685699
77,"GCE(g01,USA)",government purchases of goods and services,end,z1l,gdp,USA,0,0,0,0,0,0,0,0
78,"GCE(g01,ROW)",government purchases of goods and services,end,z1l,gdp,ROW,0,0,0,0,0,0,0,0
79,"GCE(g02,USA)",government purchases of goods and services,end,z1l,gdp,USA,16.99413403,17.02839908,17.22946127,18.23279214,17.23721487,16.6907277,16.63608927,16.76179335
80,"GCE(g02,ROW)",government purchases of goods and services,end,z1l,gdp,ROW,16.99413403,17.02839908,17.22946127,18.23279214,17.23721487,16.6907277,16.63608927,16.76179335
81,GCET(USA),national accounts government spending excluding labor,end,z1l,gdp,USA,16.99413403,17.02839908,17.22946127,18.23279214,17.23721487,16.6907277,16.63608927,16.76179335
82,GCET(ROW),national accounts government spending excluding labor,end,z1l,gdp,ROW,16.99413403,17.02839908,17.22946127,18.23279214,17.23721487,16.6907277,16.63608927,16.76179335
83,GDPN(USA),"GDP, nominal",end,z1l,gdp,USA,81.70614623,83.57794548,84.95736565,86.09982381,90.02853516,96.43181517,100,102.48236835
84,GDPN(ROW),"GDP, nominal",end,z1l,gdp,ROW,81.70614623,83.57794548,84.95736565,86.09982381,90.02853516,96.43181517,100,102.48236835
85,GDPR(USA),"GDP, real",end,z1l,gdp,USA,100,100,100,100,100,100,100,100
86,GDPR(ROW),"GDP, real",end,z1l,gdp,ROW,100,100,100,100,100,100,100,100
87,GNEN(USA),"GNE, nominal",end,z1l,gdp,USA,85.81897304,87.62073126,88.82514944,89.84765769,93.80713556,100.28318573,103.73611546,106.27011194
88,GNEN(ROW),"GNE, nominal",end,z1l,gdp,ROW,85.81897304,87.62073126,88.82514944,89.84765769,93.80713556,100.28318573,103.73611546,106.27011194
89,GNER(USA),"GNE, real",end,z1l,gdp,USA,103.69428324,103.76748523,103.66538611,103.65401267,103.93718011,103.92931647,103.73611546,103.76860712
90,GNER(ROW),"GNE, real",end,z1l,gdp,ROW,103.69428324,103.76748523,103.66538611,103.65401267,103.93718011,103.92931647,103.73611546,103.76860712
91,GNPR(USA),gross national product,end,z1l,gdp,USA,98.50064907,98.23452884,97.98399605,97.43759823,97.07081703,97.68727431,97.35982153,96.73895657
92,GNPR(ROW),gross national product,end,z1l,gdp,ROW,98.50064907,98.23452884,97.98399605,97.43759823,97.07081703,97.68727431,97.35982153,96.73895657
93,GOVL(USA),labor used by government,exo,exo,gdp,USA,0,0,0,0,0,0,0,0
94,GOVL(ROW),labor used by government,exo,exo,gdp,ROW,0,0,0,0,0,0,0,0
95,GOVS(USA),government spending excluding labor,exo,exo,gdp,USA,16.99413403,17.02839908,17.22946127,18.23279214,17.23721487,16.6907277,16.63608927,16.76179335
96,GOVS(ROW),government spending excluding labor,exo,exo,gdp,ROW,16.99413403,17.02839908,17.22946127,18.23279214,17.23721487,16.6907277,16.63608927,16.76179335
97,GOVT(USA),national accounts government spending including labor,end,z1l,gdp,USA,16.99413403,17.02839908,17.22946127,18.23279214,17.23721487,16.6907277,16.63608927,16.76179335
98,GOVT(ROW),national accounts government spending including labor,end,z1l,gdp,ROW,16.99413403,17.02839908,17.22946127,18.23279214,17.23721487,16.6907277,16.63608927,16.76179335
99,"IIN(g01,USA)",raw capital sector demand for goods,end,z1l,gdp,USA,0,0,0,0,0,0,0,0
100,"IIN(g01,ROW)",raw capital sector demand for goods,end,z1l,gdp,ROW,0,0,0,0,0,0,0,0
101,"IIN(g02,USA)",raw capital sector demand for goods,end,z1l,gdp,USA,15.62134416,15.87427257,15.89861232,15.80564443,15.8156395,15.99935518,16.02852704,15.90407685
102,"IIN(g02,ROW)",raw capital sector demand for goods,end,z1l,gdp,ROW,15.62134416,15.87427257,15.89861232,15.80564443,15.8156395,15.99935518,16.02852704,15.90407685
103,IITE(USA),raw capital sector demand for energy,end,z1l,gdp,USA,0,0,0,0,0,0,0,0
104,IITE(ROW),raw capital sector demand for energy,end,z1l,gdp,ROW,0,0,0,0,0,0,0,0
105,IITL(USA),raw capital sector demand for labor,end,z1l,gdp,USA,0.78106721,0.79371363,0.79493062,0.79028222,0.79078198,0.79996776,0.80142635,0.79520384
106,IITL(ROW),raw capital sector demand for labor,end,z1l,gdp,ROW,0.78106721,0.79371363,0.79493062,0.79028222,0.79078198,0.79996776,0.80142635,0.79520384
107,IITO(USA),raw capital sector demand for material,end,z1l,gdp,USA,15.62134416,15.87427257,15.89861232,15.80564443,15.8156395,15.99935518,16.02852704,15.90407685
108,IITO(ROW),raw capital sector demand for material,end,z1l,gdp,ROW,15.62134416,15.87427257,15.89861232,15.80564443,15.8156395,15.99935518,16.02852704,15.90407685
109,"IMP(g01,USA,USA)","individual imports, IMP.xy",end,z1l,gdp,USA,0,0,0,0,0,0,0,0
110,"IMP(g01,USA,ROW)","individual imports, IMP.xy",end,z1l,gdp,USA,0.8884374,0.9013167,0.8617556,0.77052463,0.85099915,0.90507248,0.82586783,0.83391715
111,"IMP(g01,ROW,USA)","individual imports, IMP.xy",end,z1l,gdp,ROW,0.8884374,0.9013167,0.8617556,0.77052463,0.85099915,0.90507248,0.82586783,0.83391715
112,"IMP(g01,ROW,ROW)","individual imports, IMP.xy",end,z1l,gdp,ROW,0,0,0,0,0,0,0,0
113,"IMP(g02,USA,USA)","individual imports, IMP.xy",end,z1l,gdp,USA,0,0,0,0,0,0,0,0
114,"IMP(g02,USA,ROW)","individual imports, IMP.xy",end,z1l,gdp,USA,13.77678007,13.97649619,13.36303189,11.94833578,13.1962343,14.03473618,12.80652918,12.93134795
115,"IMP(g02,ROW,USA)","individual imports, IMP.xy",end,z1l,gdp,ROW,13.77678007,13.97649619,13.36303189,11.94833578,13.1962343,14.03473618,12.80652918,12.93134795
116,"IMP(g02,ROW,ROW)","individual imports, IMP.xy",end,z1l,gdp,ROW,0,0,0,0,0,0,0,0
117,"IMPX(g01,USA,USA)",individual imports shift ,exo,exo,gdp,USA,0,0,0,0,0,0,0,0
118,"IMPX(g01,USA,ROW)",individual imports shift ,exo,exo,gdp,USA,0,0,0,0,0,0,0,0
119,"IMPX(g01,ROW,USA)",individual imports shift ,exo,exo,gdp,ROW,0,0,0,0,0,0,0,0
120,"IMPX(g01,ROW,ROW)",individual imports shift ,exo,exo,gdp,ROW,0,0,0,0,0,0,0,0
121,"IMPX(g02,USA,USA)",individual imports shift ,exo,exo,gdp,USA,0,0,0,0,0,0,0,0
122,"IMPX(g02,USA,ROW)",individual imports shift ,exo,exo,gdp,USA,0,0,0,0,0,0,0,0
123,"IMPX(g02,ROW,USA)",individual imports shift ,exo,exo,gdp,ROW,0,0,0,0,0,0,0,0
124,"IMPX(g02,ROW,ROW)",individual imports shift ,exo,exo,gdp,ROW,0,0,0,0,0,0,0,0
125,"IMQ(g01,USA)","DF imports by good, IMQ.xx",end,z1l,gdp,USA,0.8884374,0.9013167,0.8617556,0.77052463,0.85099915,0.90507248,0.82586783,0.83391715
126,"IMQ(g01,ROW)","DF imports by good, IMQ.xx",end,z1l,gdp,ROW,0.8884374,0.9013167,0.8617556,0.77052463,0.85099915,0.90507248,0.82586783,0.83391715
127,"IMQ(g02,USA)","DF imports by good, IMQ.xx",end,z1l,gdp,USA,13.77678007,13.97649619,13.36303189,11.94833578,13.1962343,14.03473618,12.80652918,12.93134795
128,"IMQ(g02,ROW)","DF imports by good, IMQ.xx",end,z1l,gdp,ROW,13.77678007,13.97649619,13.36303189,11.94833578,13.1962343,14.03473618,12.80652918,12.93134795
129,IMQT(USA),value of imports at destination,end,z1l,gdp,USA,14.66521747,14.87781289,14.22478749,12.71886041,14.04723345,14.93980866,13.63239702,13.7652651
130,IMQT(ROW),value of imports at destination,end,z1l,gdp,ROW,14.66521747,14.87781289,14.22478749,12.71886041,14.04723345,14.93980866,13.63239702,13.7652651
131,INAS(USA),nominal USD net interest payments on foreign assets,end,z1l,gdp,USA,0,0,0,0,0,0,0,0
132,INAS(ROW),nominal USD net interest payments on foreign assets,end,z1l,gdp,ROW,0,0,0,0,0,0,0,0
133,INCM(USA),after tax household income,end,z1l,gdp,USA,66.48611235,66.20984958,65.89412522,65.03583351,66.22648568,66.51040323,66.36174674,66.41998484
134,INCM(ROW),after tax household income,end,z1l,gdp,ROW,66.48611235,66.20984958,65.89412522,65.03583351,66.22648568,66.51040323,66.36174674,66.41998484
135,INFCL(USA),household materials inflation rate,end,z1l,pct,USA,2.26504468,2.26504468,1.63698749,1.3357815,4.46193124,6.87095026,3.63340059,2.45205817
136,INFCL(ROW),household materials inflation rate,end,z1l,pct,ROW,2.26504468,2.26504468,1.63698749,1.3357815,4.46193124,6.87095026,3.63340059,2.45205817
137,INFL(USA),consumer price inflation,end,z1l,pct,USA,2.02632822,2.02632822,1.42230376,1.11223209,4.03165185,6.33602101,3.72835299,2.58455568
138,INFL(ROW),consumer price inflation,end,z1l,pct,ROW,2.02632822,2.02632822,1.42230376,1.11223209,4.03165185,6.33602101,3.72835299,2.58455568
139,INFP(USA),output price inflation,end,z1l,pct,USA,2.26504468,2.26504468,1.63698749,1.3357815,4.46193124,6.87095026,3.63340059,2.45205817
140,INFP(ROW),output price inflation,end,z1l,pct,ROW,2.26504468,2.26504468,1.63698749,1.3357815,4.46193124,6.87095026,3.63340059,2.45205817
141,INFX(USA),inflation target,exo,exo,pct,USA,2.5,2.5,2.5,2.5,2.5,2.5,2.5,2.5
142,INFX(ROW),inflation target,exo,exo,pct,ROW,2.5,2.5,2.5,2.5,2.5,2.5,2.5,2.5
143,INPN(USA),"policy interest rate, short-run, nominal",stl,x1l,pct,USA,1.1525,2.18833333,2.2075,0.65063167,0.11416667,2.2275,5.1775,5.05083333
144,INPN(ROW),"policy interest rate, short-run, nominal",stl,x1l,pct,ROW,1.1525,2.18833333,2.2075,0.65063167,0.11416667,2.2275,5.1775,5.05083333
145,"INS(USA,g01)",shocks to aggregate investment demand,exo,exo,gdp,USA,0,0,0,0,0,0,0,0
146,"INS(USA,g02)",shocks to aggregate investment demand,exo,exo,gdp,USA,0,0,0,0,0,0,0,0
147,"INS(ROW,g01)",shocks to aggregate investment demand,exo,exo,gdp,ROW,0,0,0,0,0,0,0,0
148,"INS(ROW,g02)",shocks to aggregate investment demand,exo,exo,gdp,ROW,0,0,0,0,0,0,0,0
149,INTF(USA),"risk free interest rate, short-run, real",end,z1l,pct,USA,-1.11254468,0.55134584,0.8717185,-3.81129956,-6.75678359,-1.40590059,2.72544183,2.59877516
150,INTF(ROW),"risk free interest rate, short-run, real",end,z1l,pct,ROW,-1.11254468,0.55134584,0.8717185,-3.81129956,-6.75678359,-1.40590059,2.72544183,2.59877516
151,INTL(USA),"interest rate, short-run, nominal - lagged",sta,x1l,pct,USA,1.1525,1.1525,2.18833333,2.2075,0.65063167,0.11416667,2.2275,5.1775
152,INTL(ROW),"interest rate, short-run, nominal - lagged",sta,x1l,pct,ROW,1.1525,1.1525,2.18833333,2.2075,0.65063167,0.11416667,2.2275,5.1775
153,INTN(USA),"interest rate, short (policy), nominal",stl,x1l,pct,USA,1.1525,2.18833333,2.2075,0.65063167,0.11416667,2.2275,5.1775,5.05083333
154,INTN(ROW),"interest rate, short (policy), nominal",stl,x1l,pct,ROW,1.1525,2.18833333,2.2075,0.65063167,0.11416667,2.2275,5.1775,5.05083333
155,INTR(USA),"risk adjusted interest rate, short-run, real",end,z1l,pct,USA,-1.11254468,0.55134584,0.8717185,-3.81129956,-6.75678359,-1.40590059,2.72544183,2.59877516
156,INTR(ROW),"risk adjusted interest rate, short-run, real",end,z1l,pct,ROW,-1.11254468,0.55134584,0.8717185,-3.81129956,-6.75678359,-1.40590059,2.72544183,2.59877516
157,INTX(USA),shock to interest rate target,exo,exo,pct,USA,0,0,0,0,0,0,0,0
158,INTX(ROW),shock to interest rate target,exo,exo,pct,ROW,0,0,0,0,0,0,0,0
159,"INV(a01,USA)",raw investment,end,z1l,gdp,USA,1.2902591,1.30952017,1.30568837,1.27112389,1.28121218,1.30802214,1.30904689,1.29636548
160,"INV(a01,ROW)",raw investment,end,z1l,gdp,ROW,1.2902591,1.30952017,1.30568837,1.27112389,1.28121218,1.30802214,1.30904689,1.29636548
161,"INV(a02,USA)",raw investment,end,z1l,gdp,USA,15.48432969,15.72984457,15.75974475,15.69652479,15.69412333,15.85905336,15.89141033,15.77291861
162,"INV(a02,ROW)",raw investment,end,z1l,gdp,ROW,15.48432969,15.72984457,15.75974475,15.69652479,15.69412333,15.85905336,15.89141033,15.77291861
163,INVP(USA),total investment by standard sectors,end,z1l,gdp,USA,16.77458879,17.03936474,17.06543312,16.96764868,16.97533551,17.1670755,17.20045721,17.06928409
164,INVP(ROW),total investment by standard sectors,end,z1l,gdp,ROW,16.77458879,17.03936474,17.06543312,16.96764868,16.97533551,17.1670755,17.20045721,17.06928409
165,INVT(USA),total investment including by households,end,z1l,gdp,USA,20.21403686,20.52923657,20.54179962,20.38538702,20.47347955,20.72818554,20.73827945,20.58682893
166,INVT(ROW),total investment including by households,end,z1l,gdp,ROW,20.21403686,20.52923657,20.54179962,20.38538702,20.47347955,20.72818554,20.73827945,20.58682893
167,INVY(USA),raw investment of raw capital sector,end,z1l,gdp,USA,0.40888979,0.42233509,0.42304043,0.41856019,0.42186794,0.43221519,0.43092253,0.42520045
168,INVY(ROW),raw investment of raw capital sector,end,z1l,gdp,ROW,0.40888979,0.42233509,0.42304043,0.41856019,0.42186794,0.43221519,0.43092253,0.42520045
169,INVZ(USA),household investment,end,z1l,gdp,USA,3.03055828,3.06753673,3.05332607,2.99917815,3.0762761,3.12889485,3.10689971,3.0923444
170,INVZ(ROW),household investment,end,z1l,gdp,ROW,3.03055828,3.06753673,3.05332607,2.99917815,3.0762761,3.12889485,3.10689971,3.0923444
171,IRAS(USA),real USD net interest payments on foreign assets,end,z1l,gdp,USA,0,0,0,0,0,0,0,0
172,IRAS(ROW),real USD net interest payments on foreign assets,end,z1l,gdp,ROW,0,0,0,0,0,0,0,0
173,"JNV(a01,USA)",installed investment,end,z1l,gdp,USA,1.18167538,1.19746561,1.19378728,1.16283641,1.17199433,1.19520355,1.19593367,1.18522459
174,"JNV(a01,ROW)",installed investment,end,z1l,gdp,ROW,1.18167538,1.19746561,1.19378728,1.16283641,1.17199433,1.19520355,1.19593367,1.18522459
175,"JNV(a02,USA)",installed investment,end,z1l,gdp,USA,14.1812224,14.3838547,14.4090913,14.35933244,14.35626644,14.49118964,14.51825207,14.420664
176,"JNV(a02,ROW)",installed investment,end,z1l,gdp,ROW,14.1812224,14.3838547,14.4090913,14.35933244,14.35626644,14.49118964,14.51825207,14.420664
177,JNVY(USA),installed investment in the raw capital sector,end,z1l,gdp,USA,0.40888979,0.42233509,0.42304043,0.41856019,0.42186794,0.43221519,0.43092253,0.42520045
178,JNVY(ROW),installed investment in the raw capital sector,end,z1l,gdp,ROW,0.40888979,0.42233509,0.42304043,0.41856019,0.42186794,0.43221519,0.43092253,0.42520045
179,JNVZ(USA),installed household investment,end,z1l,gdp,USA,3.03055828,3.06753673,3.05332607,2.99917815,3.0762761,3.12889485,3.10689971,3.0923444
180,JNVZ(ROW),installed household investment,end,z1l,gdp,ROW,3.03055828,3.06753673,3.05332607,2.99917815,3.0762761,3.12889485,3.10689971,3.0923444
181,"LAB(a01,USA)",sector demand for labor,end,z1l,gdp,USA,0.77157802,0.77044145,0.76808213,0.75133384,0.7518342,0.75789375,0.7621499,0.75898465
182,"LAB(a01,ROW)",sector demand for labor,end,z1l,gdp,ROW,0.77157802,0.77044145,0.76808213,0.75133384,0.7518342,0.75789375,0.7621499,0.75898465
183,"LAB(a02,USA)",sector demand for labor,end,z1l,gdp,USA,47.05941978,47.03304757,47.11601486,47.15196737,46.80468423,46.70052178,47.02175955,46.93197584
184,"LAB(a02,ROW)",sector demand for labor,end,z1l,gdp,ROW,47.05941978,47.03304757,47.11601486,47.15196737,46.80468423,46.70052178,47.02175955,46.93197584
185,LABO(USA),labor demand,end,z1l,gdp,USA,51.50240291,51.47553064,51.54363017,51.52087364,51.22635161,51.14977718,51.47026718,51.37362748
186,LABO(ROW),labor demand,end,z1l,gdp,ROW,51.50240291,51.47553064,51.54363017,51.52087364,51.22635161,51.14977718,51.47026718,51.37362748
187,LABX(USA),labor supply,exo,exo,gdp,USA,51.50240291,51.47553064,51.54363017,51.52087364,51.22635161,51.14977718,51.47026718,51.37362748
188,LABX(ROW),labor supply,exo,exo,gdp,ROW,51.50240291,51.47553064,51.54363017,51.52087364,51.22635161,51.14977718,51.47026718,51.37362748
189,"LAM(a01,USA)",marginal value of a unit of capital,cos,j1l,pct,USA,120.36158982,120.69126853,120.72299408,120.6018154,120.61484344,120.85430703,120.89233101,120.73011681
190,"LAM(a01,ROW)",marginal value of a unit of capital,cos,j1l,pct,ROW,120.36158982,120.69126853,120.72299408,120.6018154,120.61484344,120.85430703,120.89233101,120.73011681
191,"LAM(a02,USA)",marginal value of a unit of capital,cos,j1l,pct,USA,120.36158982,120.69126853,120.72299408,120.6018154,120.61484344,120.85430703,120.89233101,120.73011681
192,"LAM(a02,ROW)",marginal value of a unit of capital,cos,j1l,pct,ROW,120.36158982,120.69126853,120.72299408,120.6018154,120.61484344,120.85430703,120.89233101,120.73011681
193,LAMY(USA),"marginal value of capital, raw capital sector",cos,j1l,pct,USA,110.6593211,111.00982579,111.02821315,110.91141825,110.99764765,111.26738956,111.23369122,111.08452258
194,LAMY(ROW),"marginal value of capital, raw capital sector",cos,j1l,pct,ROW,110.6593211,111.00982579,111.02821315,110.91141825,110.99764765,111.26738956,111.23369122,111.08452258
195,LAMZ(USA),marginal value of a unit of household capital,cos,j1l,pct,USA,110.6593211,111.00982579,111.02821315,110.91141825,110.99764765,111.26738956,111.23369122,111.08452258
196,LAMZ(ROW),marginal value of a unit of household capital,cos,j1l,pct,ROW,110.6593211,111.00982579,111.02821315,110.91141825,110.99764765,111.26738956,111.23369122,111.08452258
197,LGDPN(USA),"GDP, nominal",exo,exo,nomusdbillion,USA,19612.1025,20656.5155,21539.9815,21375.2815,23725.6455,26054.61425,27811.517,29298.01275
198,LGDPN(ROW),"GDP, nominal",exo,exo,nomusdbillion,ROW,19612.1025,20656.5155,21539.9815,21375.2815,23725.6455,26054.61425,27811.517,29298.01275
199,LGDPR(USA),"GDP, real",exo,exo,realusdbillion,USA,24003.21567457,24715.27073629,25353.87171559,24826.16172085,26353.47277089,27018.69108683,27811.517,28588.3447287
200,LGDPR(ROW),"GDP, real",exo,exo,realusdbillion,ROW,24003.21567457,24715.27073629,25353.87171559,24826.16172085,26353.47277089,27018.69108683,27811.517,28588.3447287
201,MONE(USA),money demand,end,z1l,gdp,USA,60,60,60,60,60,60,60,60
202,MONE(ROW),money demand,end,z1l,gdp,ROW,60,60,60,60,60,60,60,60
203,NB02(USA),"interest rate, 2-year, nominal",end,z1l,pct,USA,1.27025,2.2605,2.20116667,0.67498517,0.247,2.29991667,5.0555,4.96658333
204,NB02(ROW),"interest rate, 2-year, nominal",end,z1l,pct,ROW,1.27025,2.2605,2.20116667,0.67498517,0.247,2.29991667,5.0555,4.96658333
205,NB05(USA),"interest rate, 5-year, nominal",end,z1l,pct,USA,1.74125,2.54916667,2.17583333,0.77239917,0.77833333,2.58958333,4.5675,4.62958333
206,NB05(ROW),"interest rate, 5-year, nominal",end,z1l,pct,ROW,1.74125,2.54916667,2.17583333,0.77239917,0.77833333,2.58958333,4.5675,4.62958333
207,NB10(USA),"interest rate, 10-year, nominal",end,z1l,pct,USA,2.33,2.91,2.14416667,0.89416667,1.4425,2.95166667,3.9575,4.20833333
208,NB10(ROW),"interest rate, 10-year, nominal",end,z1l,pct,ROW,2.33,2.91,2.14416667,0.89416667,1.4425,2.95166667,3.9575,4.20833333
209,NEER(USA),"trade-weighted exchange rate, FC/domestic",end,z1l,idx,USA,91.37372127,89.57554383,96.9051865,97.82681513,91.56988636,100.52476793,100,101.11362079
210,NEER(ROW),"trade-weighted exchange rate, FC/domestic",end,z1l,idx,ROW,91.37372127,89.57554383,96.9051865,97.82681513,91.56988636,100.52476793,100,101.11362079
211,"OI(a01,g02,USA)",sector demand for material goods,end,z1l,gdp,USA,1.86983637,1.86708202,1.86136446,1.82077676,1.82198934,1.83667401,1.84698832,1.83931768
212,"OI(a01,g02,ROW)",sector demand for material goods,end,z1l,gdp,ROW,1.86983637,1.86708202,1.86136446,1.82077676,1.82198934,1.83667401,1.84698832,1.83931768
213,"OI(a02,g02,USA)",sector demand for material goods,end,z1l,gdp,USA,61.28478861,61.25044448,61.35849156,61.40531197,60.95305027,60.81740104,61.23574425,61.11882025
214,"OI(a02,g02,ROW)",sector demand for material goods,end,z1l,gdp,ROW,61.28478861,61.25044448,61.35849156,61.40531197,60.95305027,60.81740104,61.23574425,61.11882025
215,"OIN(a01,USA)",sector demand for materials,end,z1l,gdp,USA,1.86983637,1.86708202,1.86136446,1.82077676,1.82198934,1.83667401,1.84698832,1.83931768
216,"OIN(a01,ROW)",sector demand for materials,end,z1l,gdp,ROW,1.86983637,1.86708202,1.86136446,1.82077676,1.82198934,1.83667401,1.84698832,1.83931768
217,"OIN(a02,USA)",sector demand for materials,end,z1l,gdp,USA,61.28478861,61.25044448,61.35849156,61.40531197,60.95305027,60.81740104,61.23574425,61.11882025
218,"OIN(a02,ROW)",sector demand for materials,end,z1l,gdp,ROW,61.28478861,61.25044448,61.35849156,61.40531197,60.95305027,60.81740104,61.23574425,61.11882025
219,"OUG(g01,USA)",domestic supply of goods,end,z1l,gdp,USA,7.97146754,7.96261607,7.93690403,7.84335699,7.8630452,7.87966222,7.91058896,7.89220668
220,"OUG(g01,ROW)",domestic supply of goods,end,z1l,gdp,ROW,7.97146754,7.96261607,7.93690403,7.84335699,7.8630452,7.87966222,7.91058896,7.89220668
221,"OUG(g02,USA)",domestic supply of goods,end,z1l,gdp,USA,150.94726978,150.92438778,151.09101825,151.26647544,150.61294077,150.42914416,150.88142973,150.76369426
222,"OUG(g02,ROW)",domestic supply of goods,end,z1l,gdp,ROW,150.94726978,150.92438778,151.09101825,151.26647544,150.61294077,150.42914416,150.88142973,150.76369426
223,"OUP(a01,USA)",domestic production,end,z1l,gdp,USA,7.97146754,7.96261607,7.93690403,7.84335699,7.8630452,7.87966222,7.91058896,7.89220668
224,"OUP(a01,ROW)",domestic production,end,z1l,gdp,ROW,7.97146754,7.96261607,7.93690403,7.84335699,7.8630452,7.87966222,7.91058896,7.89220668
225,"OUP(a02,USA)",domestic production,end,z1l,gdp,USA,150.94726978,150.92438778,151.09101825,151.26647544,150.61294077,150.42914416,150.88142973,150.76369426
226,"OUP(a02,ROW)",domestic production,end,z1l,gdp,ROW,150.94726978,150.92438778,151.09101825,151.26647544,150.61294077,150.42914416,150.88142973,150.76369426
227,OUTL(USA),aggregate output (lagged),sta,x1l,gdp,USA,158.91873732,158.91873732,158.88700386,159.02792228,159.10983244,158.47598598,158.30880637,158.79201869
228,OUTL(ROW),aggregate output (lagged),sta,x1l,gdp,ROW,158.91873732,158.91873732,158.88700386,159.02792228,159.10983244,158.47598598,158.30880637,158.79201869
229,OUTP(USA),aggregate output,ets,zel,gdp,USA,158.91873732,158.88700386,159.02792228,159.10983244,158.47598598,158.30880637,158.79201869,158.65590094
230,OUTP(ROW),aggregate output,ets,zel,gdp,ROW,158.91873732,158.88700386,159.02792228,159.10983244,158.47598598,158.30880637,158.79201869,158.65590094
231,OUTX(USA),shock to output target,exo,exo,pct,USA,0,0,0,0,0,0,0,0
232,OUTX(ROW),shock to output target,exo,exo,pct,ROW,0,0,0,0,0,0,0,0
233,"OUY(g01,USA)",composite supply,end,z1l,gdp,USA,8.85990494,8.86393277,8.79865963,8.61388162,8.71404435,8.7847347,8.73645679,8.72612383
234,"OUY(g01,ROW)",composite supply,end,z1l,gdp,ROW,8.85990494,8.86393277,8.79865963,8.61388162,8.71404435,8.7847347,8.73645679,8.72612383
235,"OUY(g02,USA)",composite supply,end,z1l,gdp,USA,164.72404985,164.90088397,164.45405014,163.21481122,163.80917508,164.46388033,163.68795891,163.69504221
236,"OUY(g02,ROW)",composite supply,end,z1l,gdp,ROW,164.72404985,164.90088397,164.45405014,163.21481122,163.80917508,164.46388033,163.68795891,163.69504221
237,PERR(USA),price inflation expectation errors,exo,exo,pct,USA,0,0,0,0,0,0,0,0
238,PERR(ROW),price inflation expectation errors,exo,exo,pct,ROW,0,0,0,0,0,0,0,0
239,PGDP(USA),GDP implicit price deflator,end,z1l,idx,USA,81.70614623,83.57794548,84.95736565,86.09982381,90.02853516,96.43181517,100,102.48236835
240,PGDP(ROW),GDP implicit price deflator,end,z1l,idx,ROW,81.70614623,83.57794548,84.95736565,86.09982381,90.02853516,96.43181517,100,102.48236835
241,"PIM(g01,USA,USA)",landed price of imports,end,z1l,idx,USA,100,100,100,100,100,100,100,100
242,"PIM(g01,USA,ROW)",landed price of imports,end,z1l,idx,USA,100,100,100,100,100,100,100,100
243,"PIM(g01,ROW,USA)",landed price of imports,end,z1l,idx,ROW,100,100,100,100,100,100,100,100
244,"PIM(g01,ROW,ROW)",landed price of imports,end,z1l,idx,ROW,100,100,100,100,100,100,100,100
245,"PIM(g02,USA,USA)",landed price of imports,end,z1l,idx,USA,100,100,100,100,100,100,100,100
246,"PIM(g02,USA,ROW)",landed price of imports,end,z1l,idx,USA,100,100,100,100,100,100,100,100
247,"PIM(g02,ROW,USA)",landed price of imports,end,z1l,idx,ROW,100,100,100,100,100,100,100,100
248,"PIM(g02,ROW,ROW)",landed price of imports,end,z1l,idx,ROW,100,100,100,100,100,100,100,100
249,"PMQ(g01,USA)",import landed price index,end,z1l,idx,USA,100,100,100,100,100,100,100,100
250,"PMQ(g01,ROW)",import landed price index,end,z1l,idx,ROW,100,100,100,100,100,100,100,100
251,"PMQ(g02,USA)",import landed price index,end,z1l,idx,USA,100,100,100,100,100,100,100,100
252,"PMQ(g02,ROW)",import landed price index,end,z1l,idx,ROW,100,100,100,100,100,100,100,100
253,"PMR(g01,USA)",price of imports incl tariffs,end,z1l,idx,USA,100,100,100,100,100,100,100,100
254,"PMR(g01,ROW)",price of imports incl tariffs,end,z1l,idx,ROW,100,100,100,100,100,100,100,100
255,"PMR(g02,USA)",price of imports incl tariffs,end,z1l,idx,USA,100,100,100,100,100,100,100,100
256,"PMR(g02,ROW)",price of imports incl tariffs,end,z1l,idx,ROW,100,100,100,100,100,100,100,100
257,"POI(a01,USA)",sector price of materials,end,z1l,idx,USA,100,100,100,100,100,100,100,100
258,"POI(a01,ROW)",sector price of materials,end,z1l,idx,ROW,100,100,100,100,100,100,100,100
259,"POI(a02,USA)",sector price of materials,end,z1l,idx,USA,100,100,100,100,100,100,100,100
260,"POI(a02,ROW)",sector price of materials,end,z1l,idx,ROW,100,100,100,100,100,100,100,100
261,PRCE(USA),household price of energy,end,z1l,idx,USA,100,100,100,100,100,100,100,100
262,PRCE(ROW),household price of energy,end,z1l,idx,ROW,100,100,100,100,100,100,100,100
263,PRCL(USA),aggregate price of consumer goods lagged,sta,x1l,idx,USA,82.98013874,82.98013874,84.67874021,85.8917349,86.85238275,90.42551255,96.34029431,100
264,PRCL(ROW),aggregate price of consumer goods lagged,sta,x1l,idx,ROW,82.98013874,82.98013874,84.67874021,85.8917349,86.85238275,90.42551255,96.34029431,100
265,PRCO(USA),household price of material,end,z1l,idx,USA,81.70614623,83.57794548,84.95736565,86.09982381,90.02853516,96.43181517,100,102.48236835
266,PRCO(ROW),household price of material,end,z1l,idx,ROW,81.70614623,83.57794548,84.95736565,86.09982381,90.02853516,96.43181517,100,102.48236835
267,PRCOL(USA),household price of material - lagged,sta,x1l,idx,USA,81.70614623,81.70614623,83.57794548,84.95736565,86.09982381,90.02853516,96.43181517,100
268,PRCOL(ROW),household price of material - lagged,sta,x1l,idx,ROW,81.70614623,81.70614623,83.57794548,84.95736565,86.09982381,90.02853516,96.43181517,100
269,PRCT(USA),aggregate price of consumer goods,ets,zel,idx,USA,82.98013874,84.67874021,85.8917349,86.85238275,90.42551255,96.34029431,100,102.61824494
270,PRCT(ROW),aggregate price of consumer goods,ets,zel,idx,ROW,82.98013874,84.67874021,85.8917349,86.85238275,90.42551255,96.34029431,100,102.61824494
271,"PRD(g01,USA)",post-tax price of goods,end,z1l,idx,USA,100,100,100,100,100,100,100,100
272,"PRD(g01,ROW)",post-tax price of goods,end,z1l,idx,ROW,100,100,100,100,100,100,100,100
273,"PRD(g02,USA)",post-tax price of goods,end,z1l,idx,USA,100,100,100,100,100,100,100,100
274,"PRD(g02,ROW)",post-tax price of goods,end,z1l,idx,ROW,100,100,100,100,100,100,100,100
275,PRDL(USA),weighted price of domestic output lag,sta,x1l,idx,USA,81.70614623,81.70614623,83.57794548,84.95736565,86.09982381,90.02853516,96.43181517,100
276,PRDL(ROW),weighted price of domestic output lag,sta,x1l,idx,ROW,81.70614623,81.70614623,83.57794548,84.95736565,86.09982381,90.02853516,96.43181517,100
277,PRDX(USA),shock to weighted price of domestic output,exo,exo,pct,USA,0,0,0,0,0,0,0,0
278,PRDX(ROW),shock to weighted price of domestic output,exo,exo,pct,ROW,0,0,0,0,0,0,0,0
279,"PRE(a01,USA)",sector price of energy,end,z1l,idx,USA,100,100,100,100,100,100,100,100
280,"PRE(a01,ROW)",sector price of energy,end,z1l,idx,ROW,100,100,100,100,100,100,100,100
281,"PRE(a02,USA)",sector price of energy,end,z1l,idx,USA,100,100,100,100,100,100,100,100
282,"PRE(a02,ROW)",sector price of energy,end,z1l,idx,ROW,100,100,100,100,100,100,100,100
283,"PRF(a01,USA)",short run profits,end,z1l,gdp,USA,0.62902042,0.6309847,0.62772426,0.69355644,0.70848311,0.66743659,0.65786121,0.6695999
284,"PRF(a01,ROW)",short run profits,end,z1l,gdp,ROW,0.62902042,0.6309847,0.62772426,0.69355644,0.70848311,0.66743659,0.65786121,0.6695999
285,"PRF(a02,USA)",short run profits,end,z1l,gdp,USA,9.25543019,9.31195261,9.22877575,9.29598306,9.68808785,9.81791536,9.30298181,9.45557733
286,"PRF(a02,ROW)",short run profits,end,z1l,gdp,ROW,9.25543019,9.31195261,9.22877575,9.29598306,9.68808785,9.81791536,9.30298181,9.45557733
287,PRFT(USA),total economywide profits,end,z1l,gdp,USA,9.88445061,9.94293731,9.85650001,9.98953951,10.39657096,10.48535195,9.96084302,10.12517722
288,PRFT(ROW),total economywide profits,end,z1l,gdp,ROW,9.88445061,9.94293731,9.85650001,9.98953951,10.39657096,10.48535195,9.96084302,10.12517722
289,PRFY(USA),profits on raw capital sector,end,z1l,gdp,USA,0,0,0,0,0,0,0,0
290,PRFY(ROW),profits on raw capital sector,end,z1l,gdp,ROW,0,0,0,0,0,0,0,0
291,PRFZ(USA),imputed short run profits on household capital,end,z1l,gdp,USA,0,0,0,0,0,0,0,0
292,PRFZ(ROW),imputed short run profits on household capital,end,z1l,gdp,ROW,0,0,0,0,0,0,0,0
293,PRGT(USA),aggregate price of government goods,end,z1l,idx,USA,81.70614623,83.57794548,84.95736565,86.09982381,90.02853516,96.43181517,100,102.48236835
294,PRGT(ROW),aggregate price of government goods,end,z1l,idx,ROW,81.70614623,83.57794548,84.95736565,86.09982381,90.02853516,96.43181517,100,102.48236835
295,PRID(USA),weighted price of domestic output,ets,zel,idx,USA,81.70614623,83.57794548,84.95736565,86.09982381,90.02853516,96.43181517,100,102.48236835
296,PRID(ROW),weighted price of domestic output,ets,zel,idx,ROW,81.70614623,83.57794548,84.95736565,86.09982381,90.02853516,96.43181517,100,102.48236835
297,PRIE(USA),raw capital sector price of energy,end,z1l,idx,USA,100,100,100,100,100,100,100,100
298,PRIE(ROW),raw capital sector price of energy,end,z1l,idx,ROW,100,100,100,100,100,100,100,100
299,PRII(USA),price paid by producers for raw capital,end,z1l,idx,USA,82.92976256,84.38247855,85.62952619,86.65072052,89.88742897,97.02583847,100,101.6825198
300,PRII(ROW),price paid by producers for raw capital,end,z1l,idx,ROW,82.92976256,84.38247855,85.62952619,86.65072052,89.88742897,97.02583847,100,101.6825198
301,PRIM(USA),weighted price of imports,end,z1l,idx,USA,89.80116495,92.1920699,90.69812681,88.80515939,95.2164773,102.07500171,100,100.76645476
302,PRIM(ROW),weighted price of imports,end,z1l,idx,ROW,89.80116495,92.1920699,90.69812681,88.80515939,95.2164773,102.07500171,100,100.76645476
303,PRIX(USA),weighted price of exports,end,z1l,idx,USA,82.67953566,85.4283091,85.01830104,82.91044848,92.45236304,101.55519143,100,100.94373843
304,PRIX(ROW),weighted price of exports,end,z1l,idx,ROW,82.67953566,85.4283091,85.01830104,82.91044848,92.45236304,101.55519143,100,100.94373843
305,"PRK(a01,USA)",implicit rental price,end,z1l,idx,USA,100,100,100,100,100,100,100,100
306,"PRK(a01,ROW)",implicit rental price,end,z1l,idx,ROW,100,100,100,100,100,100,100,100
307,"PRK(a02,USA)",implicit rental price,end,z1l,idx,USA,100,100,100,100,100,100,100,100
308,"PRK(a02,ROW)",implicit rental price,end,z1l,idx,ROW,100,100,100,100,100,100,100,100
309,PRKY(USA),"implicit rental price, raw capital sector",end,z1l,idx,USA,100,100,100,100,100,100,100,100
310,PRKY(ROW),"implicit rental price, raw capital sector",end,z1l,idx,ROW,100,100,100,100,100,100,100,100
311,PRKZ(USA),"implicit rental price, household capital",end,z1l,idx,USA,100,100,100,100,100,100,100,100
312,PRKZ(ROW),"implicit rental price, household capital",end,z1l,idx,ROW,100,100,100,100,100,100,100,100
313,PROI(USA),raw capital sector price of material,end,z1l,idx,USA,100,100,100,100,100,100,100,100
314,PROI(ROW),raw capital sector price of material,end,z1l,idx,ROW,100,100,100,100,100,100,100,100
315,"PRP(a01,USA)",pre-tax producer price,end,z1l,idx,USA,100,100,100,100,100,100,100,100
316,"PRP(a01,ROW)",pre-tax producer price,end,z1l,idx,ROW,100,100,100,100,100,100,100,100
317,"PRP(a02,USA)",pre-tax producer price,end,z1l,idx,USA,100,100,100,100,100,100,100,100
318,"PRP(a02,ROW)",pre-tax producer price,end,z1l,idx,ROW,100,100,100,100,100,100,100,100
319,"PRS(g01,USA)",producer price of composite,end,z1l,idx,USA,100,100,100,100,100,100,100,100
320,"PRS(g01,ROW)",producer price of composite,end,z1l,idx,ROW,100,100,100,100,100,100,100,100
321,"PRS(g02,USA)",producer price of composite,end,z1l,idx,USA,100,100,100,100,100,100,100,100
322,"PRS(g02,ROW)",producer price of composite,end,z1l,idx,ROW,100,100,100,100,100,100,100,100
323,"PRT(a01,g01,USA)",sector-specific input price,end,z1l,idx,USA,100,100,100,100,100,100,100,100
324,"PRT(a01,g01,ROW)",sector-specific input price,end,z1l,idx,ROW,100,100,100,100,100,100,100,100
325,"PRT(a02,g01,USA)",sector-specific input price,end,z1l,idx,USA,100,100,100,100,100,100,100,100
326,"PRT(a02,g01,ROW)",sector-specific input price,end,z1l,idx,ROW,100,100,100,100,100,100,100,100
327,"PRX(g01,USA)",price of exports at source,end,z1l,idx,USA,100,100,100,100,100,100,100,100
328,"PRX(g01,ROW)",price of exports at source,end,z1l,idx,ROW,100,100,100,100,100,100,100,100
329,"PRX(g02,USA)",price of exports at source,end,z1l,idx,USA,100,100,100,100,100,100,100,100
330,"PRX(g02,ROW)",price of exports at source,end,z1l,idx,ROW,100,100,100,100,100,100,100,100
331,PRXX(USA),shock to expected price of consumer goods,exo,exo,pct,USA,0,0,0,0,0,0,0,0
332,PRXX(ROW),shock to expected price of consumer goods,exo,exo,pct,ROW,0,0,0,0,0,0,0,0
333,"PRY(g01,USA)",purchase price of composite,end,z1l,idx,USA,100,100,100,100,100,100,100,100
334,"PRY(g01,ROW)",purchase price of composite,end,z1l,idx,ROW,100,100,100,100,100,100,100,100
335,"PRY(g02,USA)",purchase price of composite,end,z1l,idx,USA,100,100,100,100,100,100,100,100
336,"PRY(g02,ROW)",purchase price of composite,end,z1l,idx,ROW,100,100,100,100,100,100,100,100
337,PTAR(USA),price level target,exo,exo,idx,USA,100,100,100,100,100,100,100,100
338,PTAR(ROW),price level target,exo,exo,idx,ROW,100,100,100,100,100,100,100,100
339,RB10(USA),"interest rate, 10-year, real",end,z1l,pct,USA,0.06495532,1.27301251,0.80838517,-3.56776457,-5.42845026,-0.68173393,1.50544183,1.75627516
340,RB10(ROW),"interest rate, 10-year, real",end,z1l,pct,ROW,0.06495532,1.27301251,0.80838517,-3.56776457,-5.42845026,-0.68173393,1.50544183,1.75627516
341,REER(USA),"trade-weighted real exch rate, FC/domestic",end,z1l,idx,USA,94.3243574,91.12332835,97.95114264,98.08441982,91.18111231,100.66698623,100,100.09113995
342,REER(ROW),"trade-weighted real exch rate, FC/domestic",end,z1l,idx,ROW,94.3243574,91.12332835,97.95114264,98.08441982,91.18111231,100.66698623,100,100.09113995
343,REXC(USA),real exchange rate as US$ per unit of region currency,cos,j1l,idx,USA,100,100,100,100,100,100,100,100
344,REXC(ROW),real exchange rate as US$ per unit of region currency,cos,j1l,idx,ROW,100,100,100,100,100,100,100,100
345,REXN(USA),real exchange rate with capital controls,end,z1l,idx,USA,100,100,100,100,100,100,100,100
346,REXN(ROW),real exchange rate with capital controls,end,z1l,idx,ROW,100,100,100,100,100,100,100,100
347,"RISE(a01,USA)",equity risk premium by sector and region,exo,exo,del,USA,0,0,0,0,0,0,0,0
348,"RISE(a01,ROW)",equity risk premium by sector and region,exo,exo,del,ROW,0,0,0,0,0,0,0,0
349,"RISE(a02,USA)",equity risk premium by sector and region,exo,exo,del,USA,0,0,0,0,0,0,0,0
350,"RISE(a02,ROW)",equity risk premium by sector and region,exo,exo,del,ROW,0,0,0,0,0,0,0,0
351,RISH(USA),risk premium for human wealth,exo,exo,del,USA,0,0,0,0,0,0,0,0
352,RISH(ROW),risk premium for human wealth,exo,exo,del,ROW,0,0,0,0,0,0,0,0
353,RISR(USA),risk premium in the yield curve,exo,exo,del,USA,0,0,0,0,0,0,0,0
354,RISR(ROW),risk premium in the yield curve,exo,exo,del,ROW,0,0,0,0,0,0,0,0
355,RISW(USA),Blanchard probability of death,exo,exo,del,USA,3,3,3,3,3,3,3,3
356,RISW(ROW),Blanchard probability of death,exo,exo,del,ROW,3,3,3,3,3,3,3,3
357,RISY(USA),risk premium for raw-capital sector capital,exo,exo,del,USA,0,0,0,0,0,0,0,0
358,RISY(ROW),risk premium for raw-capital sector capital,exo,exo,del,ROW,0,0,0,0,0,0,0,0
359,RISZ(USA),risk premium for household capital,exo,exo,del,USA,0,0,0,0,0,0,0,0
360,RISZ(ROW),risk premium for household capital,exo,exo,del,ROW,0,0,0,0,0,0,0,0
361,ROGY(USA),potential output growth target,exo,exo,pct,USA,1.4,1.4,1.4,1.4,1.4,1.4,1.4,1.4
362,ROGY(ROW),potential output growth target,exo,exo,pct,ROW,1.4,1.4,1.4,1.4,1.4,1.4,1.4,1.4
363,RVGS(USA),revenue from unit taxes,exo,exo,gdp,USA,0,0,0,0,0,0,0,0
364,RVGS(ROW),revenue from unit taxes,exo,exo,gdp,ROW,0,0,0,0,0,0,0,0
365,SAVI(USA),real domestic saving using real interest rates,end,z1l,gdp,USA,21.39349318,23.05567368,24.09704711,31.44537554,24.76037591,14.68620988,22.01582877,21.98991177
366,SAVI(ROW),real domestic saving using real interest rates,end,z1l,gdp,ROW,21.39349318,23.05567368,24.09704711,31.44537554,24.76037591,14.68620988,22.01582877,21.98991177
367,SAVN(USA),real domestic saving using nominal interest rates,end,z1l,gdp,USA,23.09227669,24.75445719,25.3411576,32.71436796,28.73149472,20.73264611,25.2495553,24.29484645
368,SAVN(ROW),real domestic saving using nominal interest rates,end,z1l,gdp,ROW,23.09227669,24.75445719,25.3411576,32.71436796,28.73149472,20.73264611,25.2495553,24.29484645
369,SAVT(USA),domestic non-government saving using nominal interest rates,end,z1l,gdp,USA,18.64232926,18.6016455,18.65249471,17.73925758,16.82238248,17.04413247,17.40152152,16.38048714
370,SAVT(ROW),domestic non-government saving using nominal interest rates,end,z1l,gdp,ROW,18.64232926,18.6016455,18.65249471,17.73925758,16.82238248,17.04413247,17.40152152,16.38048714
371,"SHEF(a01,USA)",autonomous energy efficiency improvements,exo,exo,pct,USA,0,0,0,0,0,0,0,0
372,"SHEF(a01,ROW)",autonomous energy efficiency improvements,exo,exo,pct,ROW,0,0,0,0,0,0,0,0
373,"SHEF(a02,USA)",autonomous energy efficiency improvements,exo,exo,pct,USA,0,0,0,0,0,0,0,0
374,"SHEF(a02,ROW)",autonomous energy efficiency improvements,exo,exo,pct,ROW,0,0,0,0,0,0,0,0
375,SHEFC(USA),consumption autonomous energy efficiency improvements,exo,exo,pct,USA,0,0,0,0,0,0,0,0
376,SHEFC(ROW),consumption autonomous energy efficiency improvements,exo,exo,pct,ROW,0,0,0,0,0,0,0,0
377,"SHK(a01,USA)",shock to capital efficiency,exo,exo,pct,USA,0,0,0,0,0,0,0,0
378,"SHK(a01,ROW)",shock to capital efficiency,exo,exo,pct,ROW,0,0,0,0,0,0,0,0
379,"SHK(a02,USA)",shock to capital efficiency,exo,exo,pct,USA,0,0,0,0,0,0,0,0
380,"SHK(a02,ROW)",shock to capital efficiency,exo,exo,pct,ROW,0,0,0,0,0,0,0,0
381,SHKC(USA),shock to aggregate consumption,exo,exo,gdp,USA,0,0,0,0,0,0,0,0
382,SHKC(ROW),shock to aggregate consumption,exo,exo,gdp,ROW,0,0,0,0,0,0,0,0
383,"SHKI(USA,a01)",shock to inv equation,exo,exo,gdp,USA,0,0,0,0,0,0,0,0
384,"SHKI(USA,a02)",shock to inv equation,exo,exo,gdp,USA,0,0,0,0,0,0,0,0
385,"SHKI(ROW,a01)",shock to inv equation,exo,exo,gdp,ROW,0,0,0,0,0,0,0,0
386,"SHKI(ROW,a02)",shock to inv equation,exo,exo,gdp,ROW,0,0,0,0,0,0,0,0
387,SHKM(USA),shock to money demand,exo,exo,pct,USA,0,0,0,0,0,0,0,0
388,SHKM(ROW),shock to money demand,exo,exo,pct,ROW,0,0,0,0,0,0,0,0
389,"SHL(USA,a01)",shock to labor due to labor-augmenting technical change and/or population growth,exo,exo,pct,USA,0,0,0,0,0,0,0,0
390,"SHL(USA,a02)",shock to labor due to labor-augmenting technical change and/or population growth,exo,exo,pct,USA,0,0,0,0,0,0,0,0
391,"SHL(ROW,a01)",shock to labor due to labor-augmenting technical change and/or population growth,exo,exo,pct,ROW,0,0,0,0,0,0,0,0
392,"SHL(ROW,a02)",shock to labor due to labor-augmenting technical change and/or population growth,exo,exo,pct,ROW,0,0,0,0,0,0,0,0
393,SHLY(USA),shock to raw capital sector labor due to labor-augmenting technical change and/or population growth,exo,exo,pct,USA,0,0,0,0,0,0,0,0
394,SHLY(ROW),shock to raw capital sector labor due to labor-augmenting technical change and/or population growth,exo,exo,pct,ROW,0,0,0,0,0,0,0,0
395,SHLZ(USA),shock to household capital sector labor due to labor-augmenting technical change and/or population growth,exo,exo,pct,USA,0,0,0,0,0,0,0,0
396,SHLZ(ROW),shock to household capital sector labor due to labor-augmenting technical change and/or population growth,exo,exo,pct,ROW,0,0,0,0,0,0,0,0
397,"SHY(a01,USA)",shock to total factor productivity,exo,exo,pct,USA,0,0,0,0,0,0,0,0
398,"SHY(a01,ROW)",shock to total factor productivity,exo,exo,pct,ROW,0,0,0,0,0,0,0,0
399,"SHY(a02,USA)",shock to total factor productivity,exo,exo,pct,USA,0,0,0,0,0,0,0,0
400,"SHY(a02,ROW)",shock to total factor productivity,exo,exo,pct,ROW,0,0,0,0,0,0,0,0
401,SHYY(USA),shock to raw capital sector total factor productivity,exo,exo,pct,USA,0,0,0,0,0,0,0,0
402,SHYY(ROW),shock to raw capital sector total factor productivity,exo,exo,pct,ROW,0,0,0,0,0,0,0,0
403,SHYZ(USA),shock to household capital sector total factor productivity,exo,exo,pct,USA,0,0,0,0,0,0,0,0
404,SHYZ(ROW),shock to household capital sector total factor productivity,exo,exo,pct,ROW,0,0,0,0,0,0,0,0
405,"STM(a01,USA)",stock market value,end,z1l,gdp,USA,21.05897949,20.97534996,20.87646802,20.46390615,20.61105646,20.75951435,20.73144356,20.71906144
406,"STM(a01,ROW)",stock market value,end,z1l,gdp,ROW,21.05897949,20.97534996,20.87646802,20.46390615,20.61105646,20.75951435,20.73144356,20.71906144
407,"STM(a02,USA)",stock market value,end,z1l,gdp,USA,252.72767447,251.95411378,251.98034708,252.69937343,252.47376361,251.69776317,251.67309122,252.08945744
408,"STM(a02,ROW)",stock market value,end,z1l,gdp,ROW,252.72767447,251.95411378,251.98034708,252.69937343,252.47376361,251.69776317,251.67309122,252.08945744
409,STMT(USA),total stock market value,end,z1l,gdp,USA,273.78665396,272.92946374,272.8568151,273.16327957,273.08482007,272.45727753,272.40453478,272.80851888
410,STMT(ROW),total stock market value,end,z1l,gdp,ROW,273.78665396,272.92946374,272.8568151,273.16327957,273.08482007,272.45727753,272.40453478,272.80851888
411,"TAX(g01,USA)",sales tax on composite,exo,exo,pct,USA,2.78917161,2.48088314,2.46336708,2.46022441,2.61039967,2.68600226,2.43062311,2.43034315
412,"TAX(g01,ROW)",sales tax on composite,exo,exo,pct,ROW,2.78917161,2.48088314,2.46336708,2.46022441,2.61039967,2.68600226,2.43062311,2.43034315
413,"TAX(g02,USA)",sales tax on composite,exo,exo,pct,USA,2.78917161,2.48088314,2.46336708,2.46022441,2.61039967,2.68600226,2.43062311,2.43034315
414,"TAX(g02,ROW)",sales tax on composite,exo,exo,pct,ROW,2.78917161,2.48088314,2.46336708,2.46022441,2.61039967,2.68600226,2.43062311,2.43034315
415,TAXC(USA),revenue from sales and company taxes,end,z1l,gdp,USA,4.99909173,4.39336149,4.34057742,4.42480437,4.92534258,5.24124983,4.8053085,4.86771537
416,TAXC(ROW),revenue from sales and company taxes,end,z1l,gdp,ROW,4.99909173,4.39336149,4.34057742,4.42480437,4.92534258,5.24124983,4.8053085,4.86771537
417,TAXE(USA),revenue from externality taxes,end,z1l,gdp,USA,0,0,0,0,0,0,0,0
418,TAXE(ROW),revenue from externality taxes,end,z1l,gdp,ROW,0,0,0,0,0,0,0,0
419,TAXH(USA),revenue from taxes on wages,end,z1l,gdp,USA,6.33162003,5.36049257,5.37623856,5.56836759,6.28209903,7.15816069,5.64486549,5.65690322
420,TAXH(ROW),revenue from taxes on wages,end,z1l,gdp,ROW,6.33162003,5.36049257,5.37623856,5.56836759,6.28209903,7.15816069,5.64486549,5.65690322
421,TAXL(USA),revenue from lump-sum taxes,end,z1l,gdp,USA,0,0,0,0,0,0,0,0
422,TAXL(ROW),revenue from lump-sum taxes,end,z1l,gdp,ROW,0,0,0,0,0,0,0,0
423,TAXM(USA),tariff revenue,end,z1l,gdp,USA,0.17317468,0.17568512,0.16797385,0.15019106,0.16587719,0.1764172,0.16097859,0.16254756
424,TAXM(ROW),tariff revenue,end,z1l,gdp,ROW,0.17317468,0.17568512,0.16797385,0.15019106,0.16587719,0.1764172,0.16097859,0.16254756
425,TAXS(USA),exogenous lump sum tax,exo,exo,gdp,USA,0,0,0,0,0,0,0,0
426,TAXS(ROW),exogenous lump sum tax,exo,exo,gdp,ROW,0,0,0,0,0,0,0,0
427,TAXT(USA),total revenue,end,z1l,gdp,USA,11.50388644,9.92953918,9.88478983,10.14336302,11.3733188,12.57582772,10.61115257,10.68716615
428,TAXT(ROW),total revenue,end,z1l,gdp,ROW,11.50388644,9.92953918,9.88478983,10.14336302,11.3733188,12.57582772,10.61115257,10.68716615
429,TAXX(USA),external tax revenue,end,z1l,gdp,USA,0,0,0,0,0,0,0,0
430,TAXX(ROW),external tax revenue,end,z1l,gdp,ROW,0,0,0,0,0,0,0,0
431,TBAL(USA),"trade surplus, domestic currency",end,z1l,gdp,USA,0,0,0,0,0,0,0,0
432,TBAL(ROW),"trade surplus, domestic currency",end,z1l,gdp,ROW,0,0,0,0,0,0,0,0
433,TBAU(USA),"trade surplus, USD",end,z1l,gdp,USA,0,0,0,0,0,0,0,0
434,TBAU(ROW),"trade surplus, USD",end,z1l,gdp,ROW,0,0,0,0,0,0,0,0
435,TCOR(USA),tax rate on corporate profits,exo,exo,pct,USA,3,3,3,3,3,3,3,3
436,TCOR(ROW),tax rate on corporate profits,exo,exo,pct,ROW,3,3,3,3,3,3,3,3
437,"TEX(g01,USA)",extern tax on composite,exo,exo,pct,USA,0,0,0,0,0,0,0,0
438,"TEX(g01,ROW)",extern tax on composite,exo,exo,pct,ROW,0,0,0,0,0,0,0,0
439,"TEX(g02,USA)",extern tax on composite,exo,exo,pct,USA,0,0,0,0,0,0,0,0
440,"TEX(g02,ROW)",extern tax on composite,exo,exo,pct,ROW,0,0,0,0,0,0,0,0
441,"TIF(g01,USA)",fta tariff rates,exo,exo,pct,USA,0,0,0,0,0,0,0,0
442,"TIF(g01,ROW)",fta tariff rates,exo,exo,pct,ROW,0,0,0,0,0,0,0,0
443,"TIF(g02,USA)",fta tariff rates,exo,exo,pct,USA,0,0,0,0,0,0,0,0
444,"TIF(g02,ROW)",fta tariff rates,exo,exo,pct,ROW,0,0,0,0,0,0,0,0
445,"TIM(g01,USA,USA)",multilateral tariff rates,exo,exo,pct,USA,0,0,0,0,0,0,0,0
446,"TIM(g01,USA,ROW)",multilateral tariff rates,exo,exo,pct,USA,0.34136627,0.34136627,0.34136627,0.34136627,0.34136627,0.34136627,0.34136627,0.34136627
447,"TIM(g01,ROW,USA)",multilateral tariff rates,exo,exo,pct,ROW,0.34136627,0.34136627,0.34136627,0.34136627,0.34136627,0.34136627,0.34136627,0.34136627
448,"TIM(g01,ROW,ROW)",multilateral tariff rates,exo,exo,pct,ROW,0,0,0,0,0,0,0,0
449,"TIM(g02,USA,USA)",multilateral tariff rates,exo,exo,pct,USA,0,0,0,0,0,0,0,0
450,"TIM(g02,USA,ROW)",multilateral tariff rates,exo,exo,pct,USA,1.23498997,1.23498997,1.23498997,1.23498997,1.23498997,1.23498997,1.23498997,1.23498997
451,"TIM(g02,ROW,USA)",multilateral tariff rates,exo,exo,pct,ROW,1.23498997,1.23498997,1.23498997,1.23498997,1.23498997,1.23498997,1.23498997,1.23498997
452,"TIM(g02,ROW,ROW)",multilateral tariff rates,exo,exo,pct,ROW,0,0,0,0,0,0,0,0
453,TINC(USA),tax rate on labor income,exo,exo,pct,USA,11.90001312,10.09593753,10.10641596,10.25573081,11.85776653,13.8538191,11.03374383,11.01300187
454,TINC(ROW),tax rate on labor income,exo,exo,pct,ROW,11.90001312,10.09593753,10.10641596,10.25573081,11.85776653,13.8538191,11.03374383,11.01300187
455,"TITC(a01,USA)",investment tax credit rate,exo,exo,pct,USA,0,0,0,0,0,0,0,0
456,"TITC(a01,ROW)",investment tax credit rate,exo,exo,pct,ROW,0,0,0,0,0,0,0,0
457,"TITC(a02,USA)",investment tax credit rate,exo,exo,pct,USA,0,0,0,0,0,0,0,0
458,"TITC(a02,ROW)",investment tax credit rate,exo,exo,pct,ROW,0,0,0,0,0,0,0,0
459,TITCH(USA),households investment tax credit rate,exo,exo,pct,USA,0,0,0,0,0,0,0,0
460,TITCH(ROW),households investment tax credit rate,exo,exo,pct,ROW,0,0,0,0,0,0,0,0
461,"TIX(g01,USA)",multilateral iceberg costs,exo,exo,pct,USA,0,0,0,0,0,0,0,0
462,"TIX(g01,ROW)",multilateral iceberg costs,exo,exo,pct,ROW,0,0,0,0,0,0,0,0
463,"TIX(g02,USA)",multilateral iceberg costs,exo,exo,pct,USA,0,0,0,0,0,0,0,0
464,"TIX(g02,ROW)",multilateral iceberg costs,exo,exo,pct,ROW,0,0,0,0,0,0,0,0
465,"TOB(a01,USA)","marginal q, TOB.NC",end,z1l,pct,USA,120.36158982,120.69126853,120.72299408,120.6018154,120.61484344,120.85430703,120.89233101,120.73011681
466,"TOB(a01,ROW)","marginal q, TOB.NC",end,z1l,pct,ROW,120.36158982,120.69126853,120.72299408,120.6018154,120.61484344,120.85430703,120.89233101,120.73011681
467,"TOB(a02,USA)","marginal q, TOB.NC",end,z1l,pct,USA,120.36158982,120.69126853,120.72299408,120.6018154,120.61484344,120.85430703,120.89233101,120.73011681
468,"TOB(a02,ROW)","marginal q, TOB.NC",end,z1l,pct,ROW,120.36158982,120.69126853,120.72299408,120.6018154,120.61484344,120.85430703,120.89233101,120.73011681
469,TOBY(USA),"marginal Q, raw capital sector",end,z1l,pct,USA,110.6593211,111.00982579,111.02821315,110.91141825,110.99764765,111.26738956,111.23369122,111.08452258
470,TOBY(ROW),"marginal Q, raw capital sector",end,z1l,pct,ROW,110.6593211,111.00982579,111.02821315,110.91141825,110.99764765,111.26738956,111.23369122,111.08452258
471,TOBZ(USA),"marginal Q, household capital",end,z1l,pct,USA,110.6593211,111.00982579,111.02821315,110.91141825,110.99764765,111.26738956,111.23369122,111.08452258
472,TOBZ(ROW),"marginal Q, household capital",end,z1l,pct,ROW,110.6593211,111.00982579,111.02821315,110.91141825,110.99764765,111.26738956,111.23369122,111.08452258
473,"TPA(a01,USA)",partial adjustment q,sta,x1l,pct,USA,120.36158982,120.69126853,120.72299408,120.6018154,120.61484344,120.85430703,120.89233101,120.73011681
474,"TPA(a01,ROW)",partial adjustment q,sta,x1l,pct,ROW,120.36158982,120.69126853,120.72299408,120.6018154,120.61484344,120.85430703,120.89233101,120.73011681
475,"TPA(a02,USA)",partial adjustment q,sta,x1l,pct,USA,120.36158982,120.69126853,120.72299408,120.6018154,120.61484344,120.85430703,120.89233101,120.73011681
476,"TPA(a02,ROW)",partial adjustment q,sta,x1l,pct,ROW,120.36158982,120.69126853,120.72299408,120.6018154,120.61484344,120.85430703,120.89233101,120.73011681
477,TPAY(USA),"partial adjustment Q, raw capital sector",sta,x1l,pct,USA,110.6593211,111.00982579,111.02821315,110.91141825,110.99764765,111.26738956,111.23369122,111.08452258
478,TPAY(ROW),"partial adjustment Q, raw capital sector",sta,x1l,pct,ROW,110.6593211,111.00982579,111.02821315,110.91141825,110.99764765,111.26738956,111.23369122,111.08452258
479,TPAZ(USA),"partial adjustment Q, household capital",sta,x1l,pct,USA,110.6593211,111.00982579,111.02821315,110.91141825,110.99764765,111.26738956,111.23369122,111.08452258
480,TPAZ(ROW),"partial adjustment Q, household capital",sta,x1l,pct,ROW,110.6593211,111.00982579,111.02821315,110.91141825,110.99764765,111.26738956,111.23369122,111.08452258
481,TRAN(USA),total transfers,end,z1l,gdp,USA,9.53512424,9.53322023,9.54167534,9.54658995,9.50855916,9.49852838,9.52752112,9.51935406
482,TRAN(ROW),total transfers,end,z1l,gdp,ROW,9.53512424,9.53322023,9.54167534,9.54658995,9.50855916,9.49852838,9.52752112,9.51935406
483,TRANX(USA),exogenous transfers,exo,exo,gdp,USA,0,0,0,0,0,0,0,0
484,TRANX(ROW),exogenous transfers,exo,exo,gdp,ROW,0,0,0,0,0,0,0,0
485,"TXGS(a01,g01,USA)",unit tax on goods to sectors,exo,exo,dollar,USA,0,0,0,0,0,0,0,0
486,"TXGS(a01,g01,ROW)",unit tax on goods to sectors,exo,exo,dollar,ROW,0,0,0,0,0,0,0,0
487,"TXGS(a02,g01,USA)",unit tax on goods to sectors,exo,exo,dollar,USA,0,0,0,0,0,0,0,0
488,"TXGS(a02,g01,ROW)",unit tax on goods to sectors,exo,exo,dollar,ROW,0,0,0,0,0,0,0,0
489,"TXM(g01,USA)",tariff revenue by good,end,z1l,gdp,USA,0.00303283,0.00307679,0.00294174,0.00263031,0.00290502,0.00308961,0.00281923,0.00284671
490,"TXM(g01,ROW)",tariff revenue by good,end,z1l,gdp,ROW,0.00303283,0.00307679,0.00294174,0.00263031,0.00290502,0.00308961,0.00281923,0.00284671
491,"TXM(g02,USA)",tariff revenue by good,end,z1l,gdp,USA,0.17014185,0.17260833,0.1650321,0.14756075,0.16297217,0.17332758,0.15815935,0.15970085
492,"TXM(g02,ROW)",tariff revenue by good,end,z1l,gdp,ROW,0.17014185,0.17260833,0.1650321,0.14756075,0.16297217,0.17332758,0.15815935,0.15970085
493,"WAG(a01,USA)",sector wage,end,z1l,idx,USA,100,100,100,100,100,100,100,100
494,"WAG(a01,ROW)",sector wage,end,z1l,idx,ROW,100,100,100,100,100,100,100,100
495,"WAG(a02,USA)",sector wage,end,z1l,idx,USA,100,100,100,100,100,100,100,100
496,"WAG(a02,ROW)",sector wage,end,z1l,idx,ROW,100,100,100,100,100,100,100,100
497,WAGE(USA),wage rate,sta,x1l,idx,USA,73.33920189,77.0831987,80.53252382,81.56761198,88.34145355,94.6152627,100,105.76837204
498,WAGE(ROW),wage rate,sta,x1l,idx,ROW,73.33920189,77.0831987,80.53252382,81.56761198,88.34145355,94.6152627,100,105.76837204
499,WAGG(USA),government wage,end,z1l,idx,USA,73.33920189,77.0831987,80.53252382,81.56761198,88.34145355,94.6152627,100,105.76837204
500,WAGG(ROW),government wage,end,z1l,idx,ROW,73.33920189,77.0831987,80.53252382,81.56761198,88.34145355,94.6152627,100,105.76837204
501,WELH(USA),human wealth,cos,j1l,gdp,USA,901.44639095,917.98168596,919.61641619,937.0541013,898.01293087,855.9819683,875.29142194,879.01492336
502,WELH(ROW),human wealth,cos,j1l,gdp,ROW,901.44639095,917.98168596,919.61641619,937.0541013,898.01293087,855.9819683,875.29142194,879.01492336
503,WELT(USA),total wealth,end,z1l,gdp,USA,1397.65259309,1403.66145744,1398.56304933,1419.32989698,1365.96400368,1338.61869645,1349.32951861,1342.17426928
504,WELT(ROW),total wealth,end,z1l,gdp,ROW,1397.65259309,1403.66145744,1398.56304933,1419.32989698,1365.96400368,1338.61869645,1349.32951861,1342.17426928
505,WERR(USA),wage inflation expectation errors,exo,exo,pct,USA,0,0,0,0,0,0,0,0
506,WERR(ROW),wage inflation expectation errors,exo,exo,pct,ROW,0,0,0,0,0,0,0,0
507,YRATN(USA),"GDP ratio, nominal",exo,exo,pct,USA,100,100,100,100,100,100,100,100
508,YRATN(ROW),"GDP ratio, nominal",exo,exo,pct,ROW,100,100,100,100,100,100,100,100
