order,name,description,vector,type,units,region,2017,2018,2019,2020,2021,2022,2023
1,ABUY(USA),new purchases of foreign assets,end,z1l,gdp,USA,0,0,0,0,0,0,0
2,ABUY(ROW),new purchases of foreign assets,end,z1l,gdp,ROW,0,0,0,0,0,0,0
3,"ASSE(USA,USA)","assets in each currency, including own",sta,x1l,usgdp,USA,0,0,0,0,0,0,0
4,"ASSE(USA,ROW)","assets in each currency, including own",sta,x1l,usgdp,ROW,0,0,0,0,0,0,0
5,"ASSE(ROW,USA)","assets in each currency, including own",sta,x1l,usgdp,USA,0,0,0,0,0,0,0
6,"ASSE(ROW,ROW)","assets in each currency, including own",sta,x1l,usgdp,ROW,0,0,0,0,0,0,0
7,ASSU(USA),"assets held by region, in US$",end,z1l,gdp,USA,0,0,0,0,0,0,0
8,ASSU(ROW),"assets held by region, in US$",end,z1l,gdp,ROW,0,0,0,0,0,0,0
9,"BCT(g01,USA,USA)",unit border tax adjustment,exo,exo,dollar,USA,0,0,0,0,0,0,0
10,"BCT(g01,USA,ROW)",unit border tax adjustment,exo,exo,dollar,USA,0,0,0,0,0,0,0
11,"BCT(g01,ROW,USA)",unit border tax adjustment,exo,exo,dollar,ROW,0,0,0,0,0,0,0
12,"BCT(g01,ROW,ROW)",unit border tax adjustment,exo,exo,dollar,ROW,0,0,0,0,0,0,0
13,"BCT(g02,USA,USA)",unit border tax adjustment,exo,exo,dollar,USA,0,0,0,0,0,0,0
14,"BCT(g02,USA,ROW)",unit border tax adjustment,exo,exo,dollar,USA,0,0,0,0,0,0,0
15,"BCT(g02,ROW,USA)",unit border tax adjustment,exo,exo,dollar,ROW,0,0,0,0,0,0,0
16,"BCT(g02,ROW,ROW)",unit border tax adjustment,exo,exo,dollar,ROW,0,0,0,0,0,0,0
17,BOND(USA),bonds,sta,x1l,gdp,USA,78.4897845603244235,79.2653242992507643,80.9799395603009344,95.5333517318257037,95.4278369028693305,91.5519184000933564,93.8840364096741382
18,BOND(ROW),bonds,sta,x1l,gdp,ROW,78.4897845603244235,79.2653242992507643,80.9799395603009344,95.5333517318257037,95.4278369028693305,91.5519184000933564,93.8840364096741382
19,"CAP(a01,USA)",capital stock,sta,x1l,gdp,USA,10.5023686899202282,10.461938149127386,10.4915539278846257,10.4643757367856267,10.3978884103847733,10.3706961340671135,10.5254139785877765
20,"CAP(a01,ROW)",capital stock,sta,x1l,gdp,ROW,10.5023686899202282,10.461938149127386,10.4915539278846257,10.4643757367856267,10.3978884103847733,10.3706961340671135,10.5254139785877765
21,"CAP(a02,USA)",capital stock,sta,x1l,gdp,USA,233.477396253901361,233.4298156531423274,233.4068718819807486,233.4658363966449883,233.4943508810113997,233.425307435380887,233.34621311544268
22,"CAP(a02,ROW)",capital stock,sta,x1l,gdp,ROW,233.477396253901361,233.4298156531423274,233.4068718819807486,233.4658363966449883,233.4943508810113997,233.425307435380887,233.34621311544268
23,CAPY(USA),capital stock of raw capital sector,sta,x1l,gdp,USA,11.3636363636363651,11.3636363636363651,11.3636363636363615,11.3636363636363633,11.3636363636363633,11.3636363636363651,11.3636363636363651
24,CAPY(ROW),capital stock of raw capital sector,sta,x1l,gdp,ROW,11.3636363636363651,11.3636363636363651,11.3636363636363615,11.3636363636363633,11.3636363636363633,11.3636363636363651,11.3636363636363651
25,CAPZ(USA),household capital stock,sta,x1l,gdp,USA,84.4371747459557582,82.8955344560493614,82.4622365408491902,81.888451095180244,83.4969606655521801,82.6416302568168959,83.0999606686714856
26,CAPZ(ROW),household capital stock,sta,x1l,gdp,ROW,84.4371747459557582,82.8955344560493614,82.4622365408491902,81.888451095180244,83.4969606655521801,82.6416302568168959,83.0999606686714856
27,CNPE(USA),household demand for energy,end,z1l,gdp,USA,1.4566665894442328,1.4505138724640783,1.4437034712225989,1.4247360044967861,1.4505366202561911,1.4551149362892606,1.4555864699273995
28,CNPE(ROW),household demand for energy,end,z1l,gdp,ROW,1.4566665894442328,1.4505138724640783,1.4437034712225989,1.4247360044967861,1.4505366202561911,1.4551149362892606,1.4555864699273995
29,CNPK(USA),household capital services,end,z1l,gdp,USA,5.7979065707473794,5.773417179375536,5.7463100359883423,5.6708146544391722,5.7735077214215451,5.7917305932876602,5.7936074180866246
30,CNPK(ROW),household capital services,end,z1l,gdp,ROW,5.7979065707473794,5.773417179375536,5.7463100359883423,5.6708146544391722,5.7735077214215451,5.7917305932876602,5.7936074180866246
31,CNPL(USA),household demand for labor,end,z1l,gdp,USA,2.8867563085750816,2.8745631308870321,2.8610665841204397,2.8234777119480374,2.8746082114379718,2.8836813121645819,2.8846157763133902
32,CNPL(ROW),household demand for labor,end,z1l,gdp,ROW,2.8867563085750816,2.8745631308870321,2.8610665841204397,2.8234777119480374,2.8746082114379718,2.8836813121645819,2.8846157763133902
33,CNPO(USA),household demand for material,end,z1l,gdp,USA,56.2784595820573941,56.0407487452765665,55.7776282111861832,55.0448182344639676,56.041627608503255,56.2185113070023732,56.2367290563403941
34,CNPO(ROW),household demand for material,end,z1l,gdp,ROW,56.2784595820573941,56.0407487452765665,55.7776282111861832,55.0448182344639676,56.041627608503255,56.2185113070023732,56.2367290563403941
35,"CON(g01,USA)",household demand for goods,end,z1l,gdp,USA,1.4566665894442328,1.4505138724640783,1.4437034712225989,1.4247360044967861,1.4505366202561911,1.4551149362892606,1.4555864699273995
36,"CON(g01,ROW)",household demand for goods,end,z1l,gdp,ROW,1.4566665894442328,1.4505138724640783,1.4437034712225989,1.4247360044967861,1.4505366202561911,1.4551149362892606,1.4555864699273995
37,"CON(g02,USA)",household demand for goods,end,z1l,gdp,USA,56.2784595820573941,56.0407487452765665,55.7776282111861832,55.0448182344639676,56.041627608503255,56.2185113070023732,56.2367290563403941
38,"CON(g02,ROW)",household demand for goods,end,z1l,gdp,ROW,56.2784595820573941,56.0407487452765665,55.7776282111861832,55.0448182344639676,56.041627608503255,56.2185113070023732,56.2367290563403941
39,CONP(USA),national accounts consumption,end,z1l,gdp,USA,66.4197890508240931,66.1392429280032133,65.828708302517569,64.9638466053479675,66.1402801616189606,66.3490381487438725,66.3705387206678097
40,CONP(ROW),national accounts consumption,end,z1l,gdp,ROW,66.4197890508240931,66.1392429280032133,65.828708302517569,64.9638466053479675,66.1402801616189606,66.3490381487438725,66.3705387206678097
41,CURN(USA),domestic currency current account using nominal interest payments,end,z1l,gdp,USA,0,0,0,0,0,0,0
42,CURN(ROW),domestic currency current account using nominal interest payments,end,z1l,gdp,ROW,0,0,0,0,0,0,0
43,CURR(USA),USD current account using real interest payments,end,z1l,gdp,USA,0,0,0,0,0,0,0
44,CURR(ROW),USD current account using real interest payments,end,z1l,gdp,ROW,0,0,0,0,0,0,0
45,DEFI(USA),fiscal deficit (real interest rates),end,z1l,gdp,USA,2.672118731564785,4.3574166738069433,5.3630314145184448,13.704970946659726,7.5323250312178205,-2.6450108286180023,4.1857119774253642
46,DEFI(ROW),fiscal deficit (real interest rates),end,z1l,gdp,ROW,2.672118731564785,4.3574166738069433,5.3630314145184448,13.704970946659726,7.5323250312178205,-2.6450108286180023,4.1857119774253642
47,DEFN(USA),fiscal deficit (nominal interest rates),end,z1l,gdp,USA,4.4499474240459431,6.1528116879151273,6.6886628941626531,14.9660933455896785,11.7929969741888705,3.6599855211459809,7.5046690273205314
48,DEFN(ROW),fiscal deficit (nominal interest rates),end,z1l,gdp,ROW,4.4499474240459431,6.1528116879151273,6.6886628941626531,14.9660933455896785,11.7929969741888705,3.6599855211459809,7.5046690273205314
49,DEFX(USA),fiscal deficit shocks (real interest rates),exo,exo,gdp,USA,2.672118731564785,4.3574166738069433,5.3630314145184448,13.704970946659726,7.5323250312178205,-2.6450108286180023,4.1857119774253642
50,DEFX(ROW),fiscal deficit shocks (real interest rates),exo,exo,gdp,ROW,2.672118731564785,4.3574166738069433,5.3630314145184448,13.704970946659726,7.5323250312178205,-2.6450108286180023,4.1857119774253642
51,"EN(a01,g01,USA)",sector demand for energy goods,end,z1l,gdp,USA,2.046477603750589,2.037947932387056,2.0470456633574279,2.0396623217751504,2.0110732399703162,2.0014350975104254,2.0456810051981971
52,"EN(a01,g01,ROW)",sector demand for energy goods,end,z1l,gdp,ROW,2.046477603750589,2.037947932387056,2.0470456633574279,2.0396623217751504,2.0110732399703162,2.0014350975104254,2.0456810051981971
53,"EN(a02,g01,USA)",sector demand for energy goods,end,z1l,gdp,USA,2.9257913902538903,2.9242604005467827,2.9287353675450016,2.926490150048672,2.9042760466811366,2.8970788909188046,2.9166093517995422
54,"EN(a02,g01,ROW)",sector demand for energy goods,end,z1l,gdp,ROW,2.9257913902538903,2.9242604005467827,2.9287353675450016,2.926490150048672,2.9042760466811366,2.8970788909188046,2.9166093517995422
55,"ENT(a01,USA)",sector demand for energy,end,z1l,gdp,USA,2.046477603750589,2.037947932387056,2.0470456633574279,2.0396623217751504,2.0110732399703162,2.0014350975104254,2.0456810051981971
56,"ENT(a01,ROW)",sector demand for energy,end,z1l,gdp,ROW,2.046477603750589,2.037947932387056,2.0470456633574279,2.0396623217751504,2.0110732399703162,2.0014350975104254,2.0456810051981971
57,"ENT(a02,USA)",sector demand for energy,end,z1l,gdp,USA,2.9257913902538903,2.9242604005467827,2.9287353675450016,2.926490150048672,2.9042760466811366,2.8970788909188046,2.9166093517995422
58,"ENT(a02,ROW)",sector demand for energy,end,z1l,gdp,ROW,2.9257913902538903,2.9242604005467827,2.9287353675450016,2.926490150048672,2.9042760466811366,2.8970788909188046,2.9166093517995422
59,EPRC(USA),expected consumer price inflation rate,end,z1l,pct,USA,2.0263282158983404,1.4223037604329969,1.0879252256650789,4.0555383937415579,6.3452446351573277,3.7033054458218846,3.7033054458218846
60,EPRC(ROW),expected consumer price inflation rate,end,z1l,pct,ROW,2.0263282158983404,1.4223037604329969,1.0879252256650789,4.0555383937415579,6.3452446351573277,3.7033054458218846,3.7033054458218846
61,EXCH(USA),exch rate as US$ per unit of region currency,stl,x1l,idx,USA,100,100,100,100,100,100,100
62,EXCH(ROW),exch rate as US$ per unit of region currency,stl,x1l,idx,ROW,100,100,100,100,100,100,100
63,EXCL(USA),exch rate as US$ per unit of region currency - lagged,sta,x1l,idx,USA,100,100,100,100,100,100,100
64,EXCL(ROW),exch rate as US$ per unit of region currency - lagged,sta,x1l,idx,ROW,100,100,100,100,100,100,100
65,EXCR(USA),country risk premium relative to US,exo,exo,pct,USA,0,0,0,0,0,0,0
66,EXCR(ROW),country risk premium relative to US,exo,exo,pct,ROW,0,0,0,0,0,0,0
67,EXCX(USA),exchange rate target percentage change,exo,exo,pct,USA,0,0,0,0,0,0,0
68,EXCX(ROW),exchange rate target percentage change,exo,exo,pct,ROW,0,0,0,0,0,0,0
69,"EXQ(g01,USA)","exports, EXP.xx",end,z1l,gdp,USA,1.0664564140157935,1.0803570595013889,1.0368645262817733,0.919554191525865,1.0106855910042885,1.0857479736879263,0.9961515827907294
70,"EXQ(g01,ROW)","exports, EXP.xx",end,z1l,gdp,ROW,1.0664564140157935,1.0803570595013889,1.0368645262817733,0.919554191525865,1.0106855910042885,1.0857479736879263,0.9961515827907294
71,"EXQ(g02,USA)","exports, EXP.xx",end,z1l,gdp,USA,13.0208240063261034,13.1890290261533796,12.6616245718633067,11.2221584387036994,12.3279801784630685,13.2539246341145329,12.1687448117939194
72,"EXQ(g02,ROW)","exports, EXP.xx",end,z1l,gdp,ROW,13.0208240063261034,13.1890290261533796,12.6616245718633067,11.2221584387036994,12.3279801784630685,13.2539246341145329,12.1687448117939194
73,EXQT(USA),value of exports at source,end,z1l,gdp,USA,14.0872804203418998,14.2693860856547676,13.6984890981450782,12.1417126302295646,13.3386657694673563,14.3396726078024592,13.16489639458465
74,EXQT(ROW),value of exports at source,end,z1l,gdp,ROW,14.0872804203418998,14.2693860856547676,13.6984890981450782,12.1417126302295646,13.3386657694673563,14.3396726078024592,13.16489639458465
75,EYGR(USA),expected output growth,end,z1l,pct,USA,5.2393396386310798,4.1806877733751691,-0.6256733369019329,10.4507524657840634,9.4040547632598503,6.0678750284536065,6.0678750284536065
76,EYGR(ROW),expected output growth,end,z1l,pct,ROW,5.2393396386310798,4.1806877733751691,-0.6256733369019329,10.4507524657840634,9.4040547632598503,6.0678750284536065,6.0678750284536065
77,"GCE(g01,USA)",government purchases of goods and services,end,z1l,gdp,USA,0,0,0,0,0,0,0
78,"GCE(g01,ROW)",government purchases of goods and services,end,z1l,gdp,ROW,0,0,0,0,0,0,0
79,"GCE(g02,USA)",government purchases of goods and services,end,z1l,gdp,USA,16.9771858882837812,17.0415916383026627,17.2624333142992654,18.265015771550253,17.2533493023300295,16.703729063125536,16.6096631047429177
80,"GCE(g02,ROW)",government purchases of goods and services,end,z1l,gdp,ROW,16.9771858882837812,17.0415916383026627,17.2624333142992654,18.265015771550253,17.2533493023300295,16.703729063125536,16.6096631047429177
81,GCET(USA),national accounts government spending excluding labor,end,z1l,gdp,USA,16.9771858882837812,17.0415916383026627,17.2624333142992654,18.265015771550253,17.2533493023300295,16.703729063125536,16.6096631047429177
82,GCET(ROW),national accounts government spending excluding labor,end,z1l,gdp,ROW,16.9771858882837812,17.0415916383026627,17.2624333142992654,18.265015771550253,17.2533493023300295,16.703729063125536,16.6096631047429177
83,GDPN(USA),"GDP, nominal",end,z1l,gdp,USA,84.7268805759857457,86.6678815660633717,88.0982998866076059,89.2689832201309343,93.3449899226093294,100,103.5983964555087056
84,GDPN(ROW),"GDP, nominal",end,z1l,gdp,ROW,84.7268805759857457,86.6678815660633717,88.0982998866076059,89.2689832201309343,93.3449899226093294,100,103.5983964555087056
85,GDPR(USA),"GDP, real",end,z1l,gdp,USA,100,100,100,100,100,100,100
86,GDPR(ROW),"GDP, real",end,z1l,gdp,ROW,100,100,100,100,100,100,100
87,GNEN(USA),"GNE, nominal",end,z1l,gdp,USA,88.9447540161659447,90.7682084885341567,91.999423043812655,93.0224376835583513,97.0511485108388428,103.735392879290373,107.3153257226520623
88,GNEN(ROW),"GNE, nominal",end,z1l,gdp,ROW,88.9447540161659447,90.7682084885341567,91.999423043812655,93.0224376835583513,97.0511485108388428,103.735392879290373,107.3153257226520623
89,GNER(USA),"GNE, real",end,z1l,gdp,USA,103.6349266570221346,103.6959200221510855,103.5975918736707087,103.5704992061370717,103.7833718614799494,103.735392879290373,103.5343093118470392
90,GNER(ROW),"GNE, real",end,z1l,gdp,ROW,103.6349266570221346,103.6959200221510855,103.5975918736707087,103.5704992061370717,103.7833718614799494,103.735392879290373,103.5343093118470392
91,GNPR(USA),gross national product,end,z1l,gdp,USA,98.5625915018545413,98.2927926251646795,98.0501754841340016,97.5182469590536272,97.1370895165729991,97.7628565965733856,97.3485712405737615
92,GNPR(ROW),gross national product,end,z1l,gdp,ROW,98.5625915018545413,98.2927926251646795,98.0501754841340016,97.5182469590536272,97.1370895165729991,97.7628565965733856,97.3485712405737615
93,GOVL(USA),labor used by government,exo,exo,gdp,USA,0,0,0,0,0,0,0
94,GOVL(ROW),labor used by government,exo,exo,gdp,ROW,0,0,0,0,0,0,0
95,GOVS(USA),government spending excluding labor,exo,exo,gdp,USA,16.9771858882837812,17.0415916383026627,17.2624333142992654,18.265015771550253,17.2533493023300295,16.703729063125536,16.6096631047429177
96,GOVS(ROW),government spending excluding labor,exo,exo,gdp,ROW,16.9771858882837812,17.0415916383026627,17.2624333142992654,18.265015771550253,17.2533493023300295,16.703729063125536,16.6096631047429177
97,GOVT(USA),national accounts government spending including labor,end,z1l,gdp,USA,16.9771858882837812,17.0415916383026627,17.2624333142992654,18.265015771550253,17.2533493023300295,16.703729063125536,16.6096631047429177
98,GOVT(ROW),national accounts government spending including labor,end,z1l,gdp,ROW,16.9771858882837812,17.0415916383026627,17.2624333142992654,18.265015771550253,17.2533493023300295,16.703729063125536,16.6096631047429177
99,"IIN(g01,USA)",raw capital sector demand for goods,end,z1l,gdp,USA,0.0000000000000954,0.0000000000000968,0.0000000000000968,0.0000000000000962,0.0000000000000961,0.0000000000000974,0.0000000000000969
100,"IIN(g01,ROW)",raw capital sector demand for goods,end,z1l,gdp,ROW,0.0000000000000954,0.0000000000000968,0.0000000000000968,0.0000000000000962,0.0000000000000961,0.0000000000000974,0.0000000000000969
101,"IIN(g02,USA)",raw capital sector demand for goods,end,z1l,gdp,USA,15.6057570942036765,15.8288414044254004,15.837304545902839,15.7387457588434945,15.7150731633632503,15.9278368961845445,15.845121322090435
102,"IIN(g02,ROW)",raw capital sector demand for goods,end,z1l,gdp,ROW,15.6057570942036765,15.8288414044254004,15.837304545902839,15.7387457588434945,15.7150731633632503,15.9278368961845445,15.845121322090435
103,IITE(USA),raw capital sector demand for energy,end,z1l,gdp,USA,0.0000000000000954,0.0000000000000968,0.0000000000000968,0.0000000000000962,0.0000000000000961,0.0000000000000974,0.0000000000000969
104,IITE(ROW),raw capital sector demand for energy,end,z1l,gdp,ROW,0.0000000000000954,0.0000000000000968,0.0000000000000968,0.0000000000000962,0.0000000000000961,0.0000000000000974,0.0000000000000969
105,IITL(USA),raw capital sector demand for labor,end,z1l,gdp,USA,0.7802878547101886,0.7914420702212748,0.7918652272951467,0.7869372879421797,0.7857536581681673,0.7963918448092321,0.7922560661045267
106,IITL(ROW),raw capital sector demand for labor,end,z1l,gdp,ROW,0.7802878547101886,0.7914420702212748,0.7918652272951467,0.7869372879421797,0.7857536581681673,0.7963918448092321,0.7922560661045267
107,IITO(USA),raw capital sector demand for material,end,z1l,gdp,USA,15.6057570942036765,15.8288414044254004,15.837304545902839,15.7387457588434945,15.7150731633632503,15.9278368961845445,15.845121322090435
108,IITO(ROW),raw capital sector demand for material,end,z1l,gdp,ROW,15.6057570942036765,15.8288414044254004,15.837304545902839,15.7387457588434945,15.7150731633632503,15.9278368961845445,15.845121322090435
109,"IMP(g01,USA,USA)","individual imports, IMP.xy",end,z1l,gdp,USA,0,0,0,0,0,0,0
110,"IMP(g01,USA,ROW)","individual imports, IMP.xy",end,z1l,gdp,USA,1.106127446689096,1.1220850942328064,1.0729130604604076,0.9575882089639168,1.0584328100276936,1.1259442450375472,1.0248996913463866
111,"IMP(g01,ROW,USA)","individual imports, IMP.xy",end,z1l,gdp,ROW,1.106127446689096,1.1220850942328064,1.0729130604604076,0.9575882089639168,1.0584328100276936,1.1259442450375472,1.0248996913463866
112,"IMP(g01,ROW,ROW)","individual imports, IMP.xy",end,z1l,gdp,ROW,0,0,0,0,0,0,0
113,"IMP(g02,USA,USA)","individual imports, IMP.xy",end,z1l,gdp,USA,0,0,0,0,0,0,0
114,"IMP(g02,USA,ROW)","individual imports, IMP.xy",end,z1l,gdp,USA,13.5444607163848367,13.7398611025958939,13.1377526549947365,11.7256071328918239,12.9604429030883317,13.7871161604374368,12.5498319829485858
115,"IMP(g02,ROW,USA)","individual imports, IMP.xy",end,z1l,gdp,ROW,13.5444607163848367,13.7398611025958939,13.1377526549947365,11.7256071328918239,12.9604429030883317,13.7871161604374368,12.5498319829485858
116,"IMP(g02,ROW,ROW)","individual imports, IMP.xy",end,z1l,gdp,ROW,0,0,0,0,0,0,0
117,"IMPX(g01,USA,USA)",individual imports shift ,exo,exo,gdp,USA,0,0,0,0,0,0,0
118,"IMPX(g01,USA,ROW)",individual imports shift ,exo,exo,gdp,USA,0,0,0,0,0,0,0
119,"IMPX(g01,ROW,USA)",individual imports shift ,exo,exo,gdp,ROW,0,0,0,0,0,0,0
120,"IMPX(g01,ROW,ROW)",individual imports shift ,exo,exo,gdp,ROW,0,0,0,0,0,0,0
121,"IMPX(g02,USA,USA)",individual imports shift ,exo,exo,gdp,USA,0,0,0,0,0,0,0
122,"IMPX(g02,USA,ROW)",individual imports shift ,exo,exo,gdp,USA,0,0,0,0,0,0,0
123,"IMPX(g02,ROW,USA)",individual imports shift ,exo,exo,gdp,ROW,0,0,0,0,0,0,0
124,"IMPX(g02,ROW,ROW)",individual imports shift ,exo,exo,gdp,ROW,0,0,0,0,0,0,0
125,"IMQ(g01,USA)","DF imports by good, IMQ.xx",end,z1l,gdp,USA,1.106127446689096,1.1220850942328064,1.0729130604604076,0.9575882089639168,1.0584328100276936,1.1259442450375472,1.0248996913463866
126,"IMQ(g01,ROW)","DF imports by good, IMQ.xx",end,z1l,gdp,ROW,1.106127446689096,1.1220850942328064,1.0729130604604076,0.9575882089639168,1.0584328100276936,1.1259442450375472,1.0248996913463866
127,"IMQ(g02,USA)","DF imports by good, IMQ.xx",end,z1l,gdp,USA,13.5444607163848367,13.7398611025958939,13.1377526549947365,11.7256071328918239,12.9604429030883317,13.7871161604374368,12.5498319829485858
128,"IMQ(g02,ROW)","DF imports by good, IMQ.xx",end,z1l,gdp,ROW,13.5444607163848367,13.7398611025958939,13.1377526549947365,11.7256071328918239,12.9604429030883317,13.7871161604374368,12.5498319829485858
129,IMQT(USA),value of imports at destination,end,z1l,gdp,USA,14.6505881630739321,14.8619461968286988,14.2106657154551446,12.6831953418557415,14.0188757131160244,14.9130604054749849,13.57473167429497
130,IMQT(ROW),value of imports at destination,end,z1l,gdp,ROW,14.6505881630739321,14.8619461968286988,14.2106657154551446,12.6831953418557415,14.0188757131160244,14.9130604054749849,13.57473167429497
131,INAS(USA),nominal USD net interest payments on foreign assets,end,z1l,gdp,USA,0,0,0,0,0,0,0
132,INAS(ROW),nominal USD net interest payments on foreign assets,end,z1l,gdp,ROW,0,0,0,0,0,0,0
133,INCM(USA),after tax household income,end,z1l,gdp,USA,66.4197890508240931,66.1392429280032133,65.828708302517569,64.9638466053479675,66.1402801616189606,66.3490381487438725,66.3705387206678097
134,INCM(ROW),after tax household income,end,z1l,gdp,ROW,66.4197890508240931,66.1392429280032133,65.828708302517569,64.9638466053479675,66.1402801616189606,66.3490381487438725,66.3705387206678097
135,INFCL(USA),household materials inflation rate,end,z1l,pct,USA,2.2650446837636338,2.2650446837636338,1.63698748954621,1.3200859972652106,4.4648103543494866,6.8867987257354448,3.5351665488821808
136,INFCL(ROW),household materials inflation rate,end,z1l,pct,ROW,2.2650446837636338,2.2650446837636338,1.63698748954621,1.3200859972652106,4.4648103543494866,6.8867987257354448,3.5351665488821808
137,INFL(USA),consumer price inflation,end,z1l,pct,USA,0,2.0263282158983404,1.4223037604329969,1.0879252256650789,4.0555383937415579,6.3452446351573277,3.7033054458218846
138,INFL(ROW),consumer price inflation,end,z1l,pct,ROW,0,2.0263282158983404,1.4223037604329969,1.0879252256650789,4.0555383937415579,6.3452446351573277,3.7033054458218846
139,INFP(USA),output price inflation,end,z1l,pct,USA,2.2650446837636338,2.2650446837636338,1.63698748954621,1.3200859972652106,4.4648103543494866,6.8867987257354448,3.5351665488821808
140,INFP(ROW),output price inflation,end,z1l,pct,ROW,2.2650446837636338,2.2650446837636338,1.63698748954621,1.3200859972652106,4.4648103543494866,6.8867987257354448,3.5351665488821808
141,INFX(USA),inflation target,exo,exo,pct,USA,2.5,2.5,2.5,2.5,2.5,2.5,2.5
142,INFX(ROW),inflation target,exo,exo,pct,ROW,2.5,2.5,2.5,2.5,2.5,2.5,2.5
143,"INS(USA,g01)",shocks to aggregate investment demand,exo,exo,gdp,USA,0,0,0,0,0,0,0
144,"INS(USA,g02)",shocks to aggregate investment demand,exo,exo,gdp,USA,0,0,0,0,0,0,0
145,"INS(ROW,g01)",shocks to aggregate investment demand,exo,exo,gdp,ROW,0,0,0,0,0,0,0
146,"INS(ROW,g02)",shocks to aggregate investment demand,exo,exo,gdp,ROW,0,0,0,0,0,0,0
147,INTF(USA),"risk free interest rate, short-run, real",end,z1l,pct,USA,-1.1125446837636339,0.55134584378712,0.8874140027347894,-3.821245381401944,-6.7726320590687781,-1.3076665488821808,1.6423334511178194
148,INTF(ROW),"risk free interest rate, short-run, real",end,z1l,pct,ROW,-1.1125446837636339,0.55134584378712,0.8874140027347894,-3.821245381401944,-6.7726320590687781,-1.3076665488821808,1.6423334511178194
149,INTL(USA),"interest rate, short-run, nominal (lagged)",sta,x1l,pct,USA,1.1525000000000001,1.1525000000000001,2.1883333333333299,2.2075,0.643564972947543,0.114166666666667,2.2275
150,INTL(ROW),"interest rate, short-run, nominal (lagged)",sta,x1l,pct,ROW,1.1525000000000001,1.1525000000000001,2.1883333333333299,2.2075,0.643564972947543,0.114166666666667,2.2275
151,INTN(USA),"interest rate, short (policy), nominal",stl,x1l,pct,USA,1.1525000000000001,2.1883333333333299,2.2075,0.643564972947543,0.114166666666667,2.2275,5.1775000000000002
152,INTN(ROW),"interest rate, short (policy), nominal",stl,x1l,pct,ROW,1.1525000000000001,2.1883333333333299,2.2075,0.643564972947543,0.114166666666667,2.2275,5.1775000000000002
153,INTR(USA),"risk adjusted interest rate, short-run, real",end,z1l,pct,USA,-1.1125446837636339,0.55134584378712,0.8874140027347894,-3.821245381401944,-6.7726320590687781,-1.3076665488821808,1.6423334511178194
154,INTR(ROW),"risk adjusted interest rate, short-run, real",end,z1l,pct,ROW,-1.1125446837636339,0.55134584378712,0.8874140027347894,-3.821245381401944,-6.7726320590687781,-1.3076665488821808,1.6423334511178194
155,"INV(a01,USA)",raw investment,end,z1l,gdp,USA,0.7211486246301312,0.7286415828799634,0.7310949127489612,0.7246630566836345,0.7189757393002117,0.7268041287025797,0.7338164304061841
156,"INV(a01,ROW)",raw investment,end,z1l,gdp,ROW,0.7211486246301312,0.7286415828799634,0.7310949127489612,0.7246630566836345,0.7189757393002117,0.7268041287025797,0.7338164304061841
157,"INV(a02,USA)",raw investment,end,z1l,gdp,USA,16.0318027448724045,16.2576635365666284,16.2647571376465052,16.1676215466593014,16.1452755522393581,16.3590249867990103,16.2685558502041623
158,"INV(a02,ROW)",raw investment,end,z1l,gdp,ROW,16.0318027448724045,16.2576635365666284,16.2647571376465052,16.1676215466593014,16.1452755522393581,16.3590249867990103,16.2685558502041623
159,INVP(USA),total investment by standard sectors,end,z1l,gdp,USA,16.7529513695025329,16.986305119446591,16.9958520503954666,16.8922846033429366,16.8642512915395706,17.0858291155015891,17.002372280610345
160,INVP(ROW),total investment by standard sectors,end,z1l,gdp,ROW,16.7529513695025329,16.986305119446591,16.9958520503954666,16.8922846033429366,16.8642512915395706,17.0858291155015891,17.002372280610345
161,INVT(USA),total investment including by households,end,z1l,gdp,USA,20.2379517179142674,20.5150854558452096,20.5064502568538636,20.341636829238869,20.3897423975309593,20.6826256674209574,20.5541074864363082
162,INVT(ROW),total investment including by households,end,z1l,gdp,ROW,20.2379517179142674,20.5150854558452096,20.5064502568538636,20.341636829238869,20.3897423975309593,20.6826256674209574,20.5541074864363082
163,INVY(USA),raw investment of raw capital sector,end,z1l,gdp,USA,0.4133814341216135,0.4254204254214551,0.4251829500977665,0.4203357313850148,0.4223291881601078,0.4347914703015151,0.4272611736892419
164,INVY(ROW),raw investment of raw capital sector,end,z1l,gdp,ROW,0.4133814341216135,0.4254204254214551,0.4251829500977665,0.4203357313850148,0.4223291881601078,0.4347914703015151,0.4272611736892419
165,INVZ(USA),household investment,end,z1l,gdp,USA,3.0716189142901213,3.1033599109771628,3.085415256360633,3.0290164945109179,3.1031619178312808,3.1620050816178527,3.1244740321367237
166,INVZ(ROW),household investment,end,z1l,gdp,ROW,3.0716189142901213,3.1033599109771628,3.085415256360633,3.0290164945109179,3.1031619178312808,3.1620050816178527,3.1244740321367237
167,IRAS(USA),real USD net interest payments on foreign assets,end,z1l,gdp,USA,0,0,0,0,0,0,0
168,IRAS(ROW),real USD net interest payments on foreign assets,end,z1l,gdp,ROW,0,0,0,0,0,0,0
169,"JNV(a01,USA)",installed investment,end,z1l,gdp,USA,0.6438297774476806,0.6493719462992712,0.6515153382632527,0.6462832256366025,0.6413310414613397,0.6472367666528264,0.6539007613831378
170,"JNV(a01,ROW)",installed investment,end,z1l,gdp,ROW,0.6438297774476806,0.6493719462992712,0.6515153382632527,0.6462832256366025,0.6413310414613397,0.6472367666528264,0.6539007613831378
171,"JNV(a02,USA)",installed investment,end,z1l,gdp,USA,14.3129330637082184,14.4889762828127928,14.4943406984724277,14.4189254684311319,14.4016909314299077,14.5681099211001257,14.4968422840630797
172,"JNV(a02,ROW)",installed investment,end,z1l,gdp,ROW,14.3129330637082184,14.4889762828127928,14.4943406984724277,14.4189254684311319,14.4016909314299077,14.5681099211001257,14.4968422840630797
173,JNVY(USA),installed investment in the raw capital sector,end,z1l,gdp,USA,0.4133814341216137,0.4254204254214553,0.4251829500977667,0.4203357313850146,0.4223291881601077,0.434791470301515,0.4272611736892418
174,JNVY(ROW),installed investment in the raw capital sector,end,z1l,gdp,ROW,0.4133814341216137,0.4254204254214553,0.4251829500977667,0.4203357313850146,0.4223291881601077,0.434791470301515,0.4272611736892418
175,JNVZ(USA),installed household investment,end,z1l,gdp,USA,3.0716189142901222,3.103359910977165,3.0854152563606347,3.0290164945109161,3.1031619178312813,3.1620050816178509,3.1244740321367241
176,JNVZ(ROW),installed household investment,end,z1l,gdp,ROW,3.0716189142901222,3.103359910977165,3.0854152563606347,3.0290164945109161,3.1031619178312813,3.1620050816178509,3.1244740321367241
177,"LAB(a01,USA)",sector demand for labor,end,z1l,gdp,USA,0.4132767077695229,0.4115541800013146,0.4133914247855807,0.4119003930264892,0.4061269598920139,0.4041805815013892,0.4131158383680973
178,"LAB(a01,ROW)",sector demand for labor,end,z1l,gdp,ROW,0.4132767077695229,0.4115541800013146,0.4133914247855807,0.4119003930264892,0.4061269598920139,0.4041805815013892,0.4131158383680973
179,"LAB(a02,USA)",sector demand for labor,end,z1l,gdp,USA,47.5127138598473238,47.4878517059294154,47.5605218994459022,47.5240612082252056,47.1633204047384496,47.0464438552074498,47.3636042660516665
180,"LAB(a02,ROW)",sector demand for labor,end,z1l,gdp,ROW,47.5127138598473238,47.4878517059294154,47.5605218994459022,47.5240612082252056,47.1633204047384496,47.0464438552074498,47.3636042660516665
181,LABO(USA),labor demand,end,z1l,gdp,USA,51.5930347309021187,51.5654110870390383,51.6268451356470806,51.5463766011419082,51.2298092342366118,51.1306975936826476,51.4535919468376761
182,LABO(ROW),labor demand,end,z1l,gdp,ROW,51.5930347309021187,51.5654110870390383,51.6268451356470806,51.5463766011419082,51.2298092342366118,51.1306975936826476,51.4535919468376761
183,LABX(USA),labor supply,exo,exo,gdp,USA,51.5930347309021187,51.5654110870390383,51.6268451356470806,51.5463766011419082,51.2298092342366118,51.1306975936826476,51.4535919468376761
184,LABX(ROW),labor supply,exo,exo,gdp,ROW,51.5930347309021187,51.5654110870390383,51.6268451356470806,51.5463766011419082,51.2298092342366118,51.1306975936826476,51.4535919468376761
185,"LAM(a01,USA)",marginal value of a unit of capital,cos,j1l,pct,USA,127.4661324857986386,127.8587608717888884,127.8736560007891683,127.7001925355647245,127.6585287675194849,128.0329929372849733,127.8874135268793282
186,"LAM(a01,ROW)",marginal value of a unit of capital,cos,j1l,pct,ROW,127.4661324857986386,127.8587608717888884,127.8736560007891683,127.7001925355647245,127.6585287675194849,128.0329929372849733,127.8874135268793282
187,"LAM(a02,USA)",marginal value of a unit of capital,cos,j1l,pct,USA,127.4661324857986386,127.8587608717888742,127.8736560007891683,127.7001925355647245,127.6585287675194849,128.0329929372849733,127.8874135268793282
188,"LAM(a02,ROW)",marginal value of a unit of capital,cos,j1l,pct,ROW,127.4661324857986386,127.8587608717888742,127.8736560007891683,127.7001925355647245,127.6585287675194849,128.0329929372849733,127.8874135268793282
189,LAMY(USA),"marginal value of capital, raw capital sector",cos,j1l,pct,USA,114.5510264810807968,114.9747989748352239,114.9664398434413926,114.7958177447525117,114.8659874232357936,115.3046597546133256,115.0395933138613032
190,LAMY(ROW),"marginal value of capital, raw capital sector",cos,j1l,pct,ROW,114.5510264810807968,114.9747989748352239,114.9664398434413926,114.7958177447525117,114.8659874232357936,115.3046597546133256,115.0395933138613032
191,LAMZ(USA),marginal value of a unit of household capital,cos,j1l,pct,USA,114.5510264810807968,114.9747989748352239,114.9664398434413926,114.7958177447525117,114.8659874232357936,115.3046597546133256,115.0395933138613032
192,LAMZ(ROW),marginal value of a unit of household capital,cos,j1l,pct,ROW,114.5510264810807968,114.9747989748352239,114.9664398434413926,114.7958177447525117,114.8659874232357936,115.3046597546133256,115.0395933138613032
193,LGDPN(USA),"GDP, nominal",exo,exo,nomusdbillion,USA,19612.1025000000008731,20656.5155000000013388,21539.981500000001688,21354.104750000002241,23681.170750000001135,26006.8925000000017462,27720.709500000000844
194,LGDPN(ROW),"GDP, nominal",exo,exo,nomusdbillion,ROW,19612.1025000000008731,20656.5155000000013388,21539.981500000001688,21354.104750000002241,23681.170750000001135,26006.8925000000017462,27720.709500000000844
195,LGDPR(USA),"GDP, real",exo,exo,realusdbillion,USA,23147.438412312665605,23834.1068533611105522,24449.9400416629796382,23921.0798417433579743,25369.5144963148413808,26006.8925000000017462,26757.8557665271582664
196,LGDPR(ROW),"GDP, real",exo,exo,realusdbillion,ROW,23147.438412312665605,23834.1068533611105522,24449.9400416629796382,23921.0798417433579743,25369.5144963148413808,26006.8925000000017462,26757.8557665271582664
197,MONE(USA),money demand,end,z1l,gdp,USA,60,60,60,60,60,60,60
198,MONE(ROW),money demand,end,z1l,gdp,ROW,60,60,60,60,60,60,60
199,NB02(USA),"interest rate, 2-year, nominal",end,z1l,pct,USA,2.2122500000000005,2.8378333333333332,2.1505000000000036,0.8691064972947554,1.3096666666666665,2.8792500000000034,4.0795000000000003
200,NB02(ROW),"interest rate, 2-year, nominal",end,z1l,pct,ROW,2.2122500000000005,2.8378333333333332,2.1505000000000036,0.8691064972947554,1.3096666666666665,2.8792500000000034,4.0795000000000003
201,NB05(USA),"interest rate, 5-year, nominal",end,z1l,pct,USA,1.7412500000000002,2.549166666666665,2.1758333333333351,0.7688658198071054,0.7783333333333334,2.5895833333333349,4.5674999999999999
202,NB05(ROW),"interest rate, 5-year, nominal",end,z1l,pct,ROW,1.7412500000000002,2.549166666666665,2.1758333333333351,0.7688658198071054,0.7783333333333334,2.5895833333333349,4.5674999999999999
203,NB10(USA),"interest rate, 10-year, nominal",end,z1l,pct,USA,2.3300000000000001,2.9100000000000001,2.1441666666666701,0.8941666666666679,1.4424999999999999,2.9516666666666702,3.9575
204,NB10(ROW),"interest rate, 10-year, nominal",end,z1l,pct,ROW,2.3300000000000001,2.9100000000000001,2.1441666666666701,0.8941666666666679,1.4424999999999999,2.9516666666666702,3.9575
205,NEER(USA),"trade-weighted exchange rate, FC/domestic",end,z1l,idx,USA,71.8663694267264077,70.8740659727554458,77.2325118451660018,81.7389983685729078,81.6174889144310498,100,107.7501747210489356
206,NEER(ROW),"trade-weighted exchange rate, FC/domestic",end,z1l,idx,ROW,71.8663694267264077,70.8740659727554458,77.2325118451660018,81.7389983685729078,81.6174889144310498,100,107.7501747210489356
207,"OI(a01,g02,USA)",sector demand for material goods,end,z1l,gdp,USA,1.1977768295202975,1.192784523372437,1.1981093074490132,1.1937879332715104,1.1770551140604264,1.1714140341400228,1.1973105907074535
208,"OI(a01,g02,ROW)",sector demand for material goods,end,z1l,gdp,ROW,1.1977768295202975,1.192784523372437,1.1981093074490132,1.1937879332715104,1.1770551140604264,1.1714140341400228,1.1973105907074535
209,"OI(a02,g02,USA)",sector demand for material goods,end,z1l,gdp,USA,62.6930537282818321,62.6602481016452657,62.7561364644951141,62.708026561103523,62.232028859905256,62.0778101844379222,62.4963035320541849
210,"OI(a02,g02,ROW)",sector demand for material goods,end,z1l,gdp,ROW,62.6930537282818321,62.6602481016452657,62.7561364644951141,62.708026561103523,62.232028859905256,62.0778101844379222,62.4963035320541849
211,"OIN(a01,USA)",sector demand for materials,end,z1l,gdp,USA,1.1977768295202975,1.192784523372437,1.1981093074490132,1.1937879332715104,1.1770551140604264,1.1714140341400228,1.1973105907074535
212,"OIN(a01,ROW)",sector demand for materials,end,z1l,gdp,ROW,1.1977768295202975,1.192784523372437,1.1981093074490132,1.1937879332715104,1.1770551140604264,1.1714140341400228,1.1973105907074535
213,"OIN(a02,USA)",sector demand for materials,end,z1l,gdp,USA,62.6930537282818321,62.6602481016452657,62.7561364644951141,62.708026561103523,62.232028859905256,62.0778101844379222,62.4963035320541849
214,"OIN(a02,ROW)",sector demand for materials,end,z1l,gdp,ROW,62.6930537282818321,62.6602481016452657,62.7561364644951141,62.708026561103523,62.232028859905256,62.0778101844379222,62.4963035320541849
215,"OUG(g01,USA)",domestic supply of goods,end,z1l,gdp,USA,6.3892645507755041,6.3709941706665969,6.3834359679464905,6.3528544588826534,6.3181386878843337,6.3134326533689684,6.3891287183695784
216,"OUG(g01,ROW)",domestic supply of goods,end,z1l,gdp,ROW,6.3892645507755041,6.3709941706665969,6.3834359679464905,6.3528544588826534,6.3181386878843337,6.3134326533689684,6.3891287183695784
217,"OUG(g02,USA)",domestic supply of goods,end,z1l,gdp,USA,152.2285964122882547,152.2133823365798264,152.3554837602009684,152.4469455650445582,151.7866713235369502,151.5661099585674663,152.0040404347807339
218,"OUG(g02,ROW)",domestic supply of goods,end,z1l,gdp,ROW,152.2285964122882547,152.2133823365798264,152.3554837602009684,152.4469455650445582,151.7866713235369502,151.5661099585674663,152.0040404347807339
219,"OUP(a01,USA)",domestic production,end,z1l,gdp,USA,6.3892645507755041,6.3709941706665969,6.3834359679464905,6.3528544588826534,6.3181386878843337,6.3134326533689684,6.3891287183695784
220,"OUP(a01,ROW)",domestic production,end,z1l,gdp,ROW,6.3892645507755041,6.3709941706665969,6.3834359679464905,6.3528544588826534,6.3181386878843337,6.3134326533689684,6.3891287183695784
221,"OUP(a02,USA)",domestic production,end,z1l,gdp,USA,152.2285964122882547,152.2133823365798264,152.3554837602009684,152.4469455650445582,151.7866713235369502,151.5661099585674663,152.0040404347807339
222,"OUP(a02,ROW)",domestic production,end,z1l,gdp,ROW,152.2285964122882547,152.2133823365798264,152.3554837602009684,152.4469455650445582,151.7866713235369502,151.5661099585674663,152.0040404347807339
223,OUTL(USA),aggregate output (lagged),sta,x1l,gdp,USA,158.6178609630637482,158.6178609630637482,158.5843765072464464,158.7389197281474651,158.7998000239272756,158.1048100114213071,157.8795426119364436
224,OUTL(ROW),aggregate output (lagged),sta,x1l,gdp,ROW,158.6178609630637482,158.6178609630637482,158.5843765072464464,158.7389197281474651,158.7998000239272756,158.1048100114213071,157.8795426119364436
225,OUTP(USA),aggregate output,ets,zel,gdp,USA,158.6178609630637482,158.5843765072464464,158.7389197281474651,158.7998000239272756,158.1048100114213071,157.8795426119364436,158.3931691531503247
226,OUTP(ROW),aggregate output,ets,zel,gdp,ROW,158.6178609630637482,158.5843765072464464,158.7389197281474651,158.7998000239272756,158.1048100114213071,157.8795426119364436,158.3931691531503247
227,OUTX(USA),shock to output target,exo,exo,pct,USA,0,0,0,0,0,0,0
228,OUTX(ROW),shock to output target,exo,exo,pct,ROW,0,0,0,0,0,0,0
229,"OUY(g01,USA)",composite supply,end,z1l,gdp,USA,7.4953919974646013,7.4930792648994018,7.4563490284068985,7.310442667846571,7.3765714979120283,7.4393768984065147,7.4140284097159643
230,"OUY(g01,ROW)",composite supply,end,z1l,gdp,ROW,7.4953919974646013,7.4930792648994018,7.4563490284068985,7.310442667846571,7.3765714979120283,7.4393768984065147,7.4140284097159643
231,"OUY(g02,USA)",composite supply,end,z1l,gdp,USA,165.7730571286730878,165.9532434391757363,165.4932364151957245,164.1725526979364531,164.7471142266252855,165.3532261190049155,164.5538724177293091
232,"OUY(g02,ROW)",composite supply,end,z1l,gdp,ROW,165.7730571286730878,165.9532434391757363,165.4932364151957245,164.1725526979364531,164.7471142266252855,165.3532261190049155,164.5538724177293091
233,PBAG(USA),USD value of permits sold through government,exo,exo,gdp,USA,0,0,0,0,0,0,0
234,PBAG(ROW),USD value of permits sold through government,exo,exo,gdp,ROW,0,0,0,0,0,0,0
235,PBAL(USA),"value of permits sold, USD",exo,exo,gdp,USA,0,0,0,0,0,0,0
236,PBAL(ROW),"value of permits sold, USD",exo,exo,gdp,ROW,0,0,0,0,0,0,0
237,PGDP(USA),GDP implicit price deflator,end,z1l,idx,USA,84.7268805759857457,86.6678815660633717,88.0982998866076059,89.2689832201309343,93.3449899226093294,100,103.5983964555087056
238,PGDP(ROW),GDP implicit price deflator,end,z1l,idx,ROW,84.7268805759857457,86.6678815660633717,88.0982998866076059,89.2689832201309343,93.3449899226093294,100,103.5983964555087056
239,"PIM(g01,USA,USA)",landed price of imports,end,z1l,idx,USA,100,100,100,100,100,100,100
240,"PIM(g01,USA,ROW)",landed price of imports,end,z1l,idx,USA,100,100,100,100,100,100,100
241,"PIM(g01,ROW,USA)",landed price of imports,end,z1l,idx,ROW,100,100,100,100,100,100,100
242,"PIM(g01,ROW,ROW)",landed price of imports,end,z1l,idx,ROW,100,100,100,100,100,100,100
243,"PIM(g02,USA,USA)",landed price of imports,end,z1l,idx,USA,100,100,100,100,100,100,100
244,"PIM(g02,USA,ROW)",landed price of imports,end,z1l,idx,USA,100,100,100,100,100,100,100
245,"PIM(g02,ROW,USA)",landed price of imports,end,z1l,idx,ROW,100,100,100,100,100,100,100
246,"PIM(g02,ROW,ROW)",landed price of imports,end,z1l,idx,ROW,100,100,100,100,100,100,100
247,"PMQ(g01,USA)",import landed price index,end,z1l,idx,USA,100,100,100,100,100,100,100
248,"PMQ(g01,ROW)",import landed price index,end,z1l,idx,ROW,100,100,100,100,100,100,100
249,"PMQ(g02,USA)",import landed price index,end,z1l,idx,USA,100,100,100,100,100,100,100
250,"PMQ(g02,ROW)",import landed price index,end,z1l,idx,ROW,100,100,100,100,100,100,100
251,"PMR(g01,USA)",price of imports incl tariffs,end,z1l,idx,USA,100,100,100,100,100,100,100
252,"PMR(g01,ROW)",price of imports incl tariffs,end,z1l,idx,ROW,100,100,100,100,100,100,100
253,"PMR(g02,USA)",price of imports incl tariffs,end,z1l,idx,USA,100,100,100,100,100,100,100
254,"PMR(g02,ROW)",price of imports incl tariffs,end,z1l,idx,ROW,100,100,100,100,100,100,100
255,"POI(a01,USA)",sector price of materials,end,z1l,idx,USA,100,100,100,100,100,100,100
256,"POI(a01,ROW)",sector price of materials,end,z1l,idx,ROW,100,100,100,100,100,100,100
257,"POI(a02,USA)",sector price of materials,end,z1l,idx,USA,100,100,100,100,100,100,100
258,"POI(a02,ROW)",sector price of materials,end,z1l,idx,ROW,100,100,100,100,100,100,100
259,PRCE(USA),household price of energy,end,z1l,idx,USA,100,100,100,100,100,100,100
260,PRCE(ROW),household price of energy,end,z1l,idx,ROW,100,100,100,100,100,100,100
261,PRCL(USA),aggregate price of consumer goods lagged,sta,x1l,idx,USA,86.1247463058639653,86.1247463058639653,87.8877178129898056,89.1466800385533986,90.1218240594310487,93.8518748230116557,100
262,PRCL(ROW),aggregate price of consumer goods lagged,sta,x1l,idx,ROW,86.1247463058639653,86.1247463058639653,87.8877178129898056,89.1466800385533986,90.1218240594310487,93.8518748230116557,100
263,PRCO(USA),household price of material,end,z1l,idx,USA,84.7268805759857457,86.6678815660633717,88.0982998866076059,89.2689832201309343,93.3449899226093294,100,103.5983964555087056
264,PRCO(ROW),household price of material,end,z1l,idx,ROW,84.7268805759857457,86.6678815660633717,88.0982998866076059,89.2689832201309343,93.3449899226093294,100,103.5983964555087056
265,PRCOL(USA),household price of material - lagged,sta,x1l,idx,USA,84.7268805759857457,84.7268805759857457,86.6678815660633717,88.0982998866076059,89.2689832201309343,93.3449899226093294,100
266,PRCOL(ROW),household price of material - lagged,sta,x1l,idx,ROW,84.7268805759857457,84.7268805759857457,86.6678815660633717,88.0982998866076059,89.2689832201309343,93.3449899226093294,100
267,PRCT(USA),aggregate price of consumer goods,ets,zel,idx,USA,86.1247463058639653,87.8877178129898056,89.1466800385533986,90.1218240594310487,93.8518748230116557,100,103.7727321785654908
268,PRCT(ROW),aggregate price of consumer goods,ets,zel,idx,ROW,86.1247463058639653,87.8877178129898056,89.1466800385533986,90.1218240594310487,93.8518748230116557,100,103.7727321785654908
269,"PRD(g01,USA)",post-tax price of goods,end,z1l,idx,USA,100,100,100,100,100,100,100
270,"PRD(g01,ROW)",post-tax price of goods,end,z1l,idx,ROW,100,100,100,100,100,100,100
271,"PRD(g02,USA)",post-tax price of goods,end,z1l,idx,USA,100,100,100,100,100,100,100
272,"PRD(g02,ROW)",post-tax price of goods,end,z1l,idx,ROW,100,100,100,100,100,100,100
273,PRDL(USA),weighted price of domestic output lag,sta,x1l,idx,USA,84.7268805759857457,84.7268805759857457,86.6678815660633717,88.0982998866076059,89.2689832201309343,93.3449899226093294,100
274,PRDL(ROW),weighted price of domestic output lag,sta,x1l,idx,ROW,84.7268805759857457,84.7268805759857457,86.6678815660633717,88.0982998866076059,89.2689832201309343,93.3449899226093294,100
275,PRDX(USA),shock to weighted price of domestic output,exo,exo,pct,USA,0,0,0,0,0,0,0
276,PRDX(ROW),shock to weighted price of domestic output,exo,exo,pct,ROW,0,0,0,0,0,0,0
277,"PRE(a01,USA)",sector price of energy,end,z1l,idx,USA,100,100,100,100,100,100,100
278,"PRE(a01,ROW)",sector price of energy,end,z1l,idx,ROW,100,100,100,100,100,100,100
279,"PRE(a02,USA)",sector price of energy,end,z1l,idx,USA,100,100,100,100,100,100,100
280,"PRE(a02,ROW)",sector price of energy,end,z1l,idx,ROW,100,100,100,100,100,100,100
281,"PRF(a01,USA)",short run profits,end,z1l,gdp,USA,1.3705123514272246,1.3731600145145826,1.3632906674003471,1.3508159588881921,1.3862116403301039,1.4051420475620398,1.3723300858375134
282,"PRF(a01,ROW)",short run profits,end,z1l,gdp,ROW,1.3705123514272246,1.3731600145145826,1.3632906674003471,1.3508159588881921,1.3862116403301039,1.4051420475620398,1.3723300858375134
283,"PRF(a02,USA)",short run profits,end,z1l,gdp,USA,8.8358308620270254,8.8956504503257143,8.8184341550697543,9.0199338618406486,9.4483707727074169,9.5805413462809312,9.0612857402981177
284,"PRF(a02,ROW)",short run profits,end,z1l,gdp,ROW,8.8358308620270254,8.8956504503257143,8.8184341550697543,9.0199338618406486,9.4483707727074169,9.5805413462809312,9.0612857402981177
285,PRFT(USA),total economywide profits,end,z1l,gdp,USA,10.2063432134542502,10.268810464840298,10.1817248224701018,10.3707498207288396,10.8345824130375199,10.9856833938429705,10.4336158261356307
286,PRFT(ROW),total economywide profits,end,z1l,gdp,ROW,10.2063432134542502,10.268810464840298,10.1817248224701018,10.3707498207288396,10.8345824130375199,10.9856833938429705,10.4336158261356307
287,PRFY(USA),profits on raw capital sector,end,z1l,gdp,USA,0,0,0,0,0,0,0
288,PRFY(ROW),profits on raw capital sector,end,z1l,gdp,ROW,0,0,0,0,0,0,0
289,PRFZ(USA),imputed short run profits on household capital,end,z1l,gdp,USA,0,0,0,0,0,0,0
290,PRFZ(ROW),imputed short run profits on household capital,end,z1l,gdp,ROW,0,0,0,0,0,0,0
291,PRGT(USA),aggregate price of government goods,end,z1l,idx,USA,84.7268805759857457,86.6678815660633717,88.0982998866076059,89.2689832201309343,93.3449899226093294,100,103.5983964555087056
292,PRGT(ROW),aggregate price of government goods,end,z1l,idx,ROW,84.7268805759857457,86.6678815660633717,88.0982998866076059,89.2689832201309343,93.3449899226093294,100,103.5983964555087056
293,PRID(USA),weighted price of domestic output,ets,zel,idx,USA,84.7268805759857457,86.6678815660633717,88.0982998866076059,89.2689832201309343,93.3449899226093294,100,103.5983964555087056
294,PRID(ROW),weighted price of domestic output,ets,zel,idx,ROW,84.7268805759857457,86.6678815660633717,88.0982998866076059,89.2689832201309343,93.3449899226093294,100,103.5983964555087056
295,PRIE(USA),raw capital sector price of energy,end,z1l,idx,USA,100,100,100,100,100,100,100
296,PRIE(ROW),raw capital sector price of energy,end,z1l,idx,ROW,100,100,100,100,100,100,100
297,PRII(USA),price paid by producers for raw capital,end,z1l,idx,USA,85.7628253513452137,87.1083422037361714,88.3010203330809702,89.3283093780828352,92.5569241163131124,100,103.3051895414015746
298,PRII(ROW),price paid by producers for raw capital,end,z1l,idx,ROW,85.7628253513452137,87.1083422037361714,88.3010203330809702,89.3283093780828352,92.5569241163131124,100,103.3051895414015746
299,PRIM(USA),weighted price of imports,end,z1l,idx,USA,87.9609958251844972,90.3029073147672818,88.8395775044606921,86.9768793240138791,93.2760910265173777,100,97.9668913020569931
300,PRIM(ROW),weighted price of imports,end,z1l,idx,ROW,87.9609958251844972,90.3029073147672818,88.8395775044606921,86.9768793240138791,93.2760910265173777,100,97.9668913020569931
301,PRIX(USA),weighted price of exports,end,z1l,idx,USA,81.391757198560498,84.0977169995745157,83.694095038880036,81.6118968343897109,91.052932742310503,100,98.4416659380388523
302,PRIX(ROW),weighted price of exports,end,z1l,idx,ROW,81.391757198560498,84.0977169995745157,83.694095038880036,81.6118968343897109,91.052932742310503,100,98.4416659380388523
303,"PRK(a01,USA)",implicit rental price,end,z1l,idx,USA,100,100,100,100,100,100,100
304,"PRK(a01,ROW)",implicit rental price,end,z1l,idx,ROW,100,100,100,100,100,100,100
305,"PRK(a02,USA)",implicit rental price,end,z1l,idx,USA,100,100,100,100,100,100,100
306,"PRK(a02,ROW)",implicit rental price,end,z1l,idx,ROW,100,100,100,100,100,100,100
307,PRKY(USA),"implicit rental price, raw capital sector",end,z1l,idx,USA,100,100,100,100,100,100,100
308,PRKY(ROW),"implicit rental price, raw capital sector",end,z1l,idx,ROW,100,100,100,100,100,100,100
309,PRKZ(USA),"implicit rental price, household capital",end,z1l,idx,USA,100,100,100,100,100,100,100
310,PRKZ(ROW),"implicit rental price, household capital",end,z1l,idx,ROW,100,100,100,100,100,100,100
311,PROI(USA),raw capital sector price of material,end,z1l,idx,USA,100,100,100,100,100,100,100
312,PROI(ROW),raw capital sector price of material,end,z1l,idx,ROW,100,100,100,100,100,100,100
313,"PRP(a01,USA)",pre-tax producer price,end,z1l,idx,USA,100,100,100,100,100,100,100
314,"PRP(a01,ROW)",pre-tax producer price,end,z1l,idx,ROW,100,100,100,100,100,100,100
315,"PRP(a02,USA)",pre-tax producer price,end,z1l,idx,USA,100,100,100,100,100,100,100
316,"PRP(a02,ROW)",pre-tax producer price,end,z1l,idx,ROW,100,100,100,100,100,100,100
317,"PRS(g01,USA)",producer price of composite,end,z1l,idx,USA,100,100,100,100,100,100,100
318,"PRS(g01,ROW)",producer price of composite,end,z1l,idx,ROW,100,100,100,100,100,100,100
319,"PRS(g02,USA)",producer price of composite,end,z1l,idx,USA,100,100,100,100,100,100,100
320,"PRS(g02,ROW)",producer price of composite,end,z1l,idx,ROW,100,100,100,100,100,100,100
321,"PRT(a01,g01,USA)",sector-specific input price,end,z1l,idx,USA,100,100,100,100,100,100,100
322,"PRT(a01,g01,ROW)",sector-specific input price,end,z1l,idx,ROW,100,100,100,100,100,100,100
323,"PRT(a02,g01,USA)",sector-specific input price,end,z1l,idx,USA,100,100,100,100,100,100,100
324,"PRT(a02,g01,ROW)",sector-specific input price,end,z1l,idx,ROW,100,100,100,100,100,100,100
325,"PRX(g01,USA)",price of exports at source,end,z1l,idx,USA,100,100,100,100,100,100,100
326,"PRX(g01,ROW)",price of exports at source,end,z1l,idx,ROW,100,100,100,100,100,100,100
327,"PRX(g02,USA)",price of exports at source,end,z1l,idx,USA,100,100,100,100,100,100,100
328,"PRX(g02,ROW)",price of exports at source,end,z1l,idx,ROW,100,100,100,100,100,100,100
329,PRXX(USA),shock to expected price of consumer goods,exo,exo,pct,USA,0,0,0,0,0,0,0
330,PRXX(ROW),shock to expected price of consumer goods,exo,exo,pct,ROW,0,0,0,0,0,0,0
331,"PRY(g01,USA)",purchase price of composite,end,z1l,idx,USA,100,100,100,100,100,100,100
332,"PRY(g01,ROW)",purchase price of composite,end,z1l,idx,ROW,100,100,100,100,100,100,100
333,"PRY(g02,USA)",purchase price of composite,end,z1l,idx,USA,100,100,100,100,100,100,100
334,"PRY(g02,ROW)",purchase price of composite,end,z1l,idx,ROW,100,100,100,100,100,100,100
335,PTAR(USA),price level target,exo,exo,idx,USA,100,100,100,100,100,100,100
336,PTAR(ROW),price level target,exo,exo,idx,ROW,100,100,100,100,100,100,100
337,RB10(USA),"interest rate, 10-year, real",end,z1l,pct,USA,0.0649553162363661,1.2730125104537902,0.8240806694014595,-3.5706436876828187,-5.4442987257354449,-0.5834998822155105,0.4223334511178192
338,RB10(ROW),"interest rate, 10-year, real",end,z1l,pct,ROW,0.0649553162363661,1.2730125104537902,0.8240806694014595,-3.5706436876828187,-5.4442987257354449,-0.5834998822155105,0.4223334511178192
339,REER(USA),"trade-weighted real exch rate, FC/domestic",end,z1l,idx,USA,76.8793393400519278,73.8091083612080041,79.5902151071010309,83.4302163835081529,82.1845518414407934,100,104.6493558356215772
340,REER(ROW),"trade-weighted real exch rate, FC/domestic",end,z1l,idx,ROW,76.8793393400519278,73.8091083612080041,79.5902151071010309,83.4302163835081529,82.1845518414407934,100,104.6493558356215772
341,REXC(USA),real exchange rate as US$ per unit of region currency,cos,j1l,idx,USA,100,100,100,100,100,100,100
342,REXC(ROW),real exchange rate as US$ per unit of region currency,cos,j1l,idx,ROW,100,100,100,100,100,100,100
343,REXN(USA),real exchange rate with capital controls,end,z1l,idx,USA,100,100,100,100,100,100,100
344,REXN(ROW),real exchange rate with capital controls,end,z1l,idx,ROW,100,100,100,100,100,100,100
345,"RISE(a01,USA)",equity risk premium by sector and region,exo,exo,del,USA,0,0,0,0,0,0,0
346,"RISE(a01,ROW)",equity risk premium by sector and region,exo,exo,del,ROW,0,0,0,0,0,0,0
347,"RISE(a02,USA)",equity risk premium by sector and region,exo,exo,del,USA,0,0,0,0,0,0,0
348,"RISE(a02,ROW)",equity risk premium by sector and region,exo,exo,del,ROW,0,0,0,0,0,0,0
349,RISH(USA),risk premium for human wealth,exo,exo,del,USA,0,0,0,0,0,0,0
350,RISH(ROW),risk premium for human wealth,exo,exo,del,ROW,0,0,0,0,0,0,0
351,RISR(USA),risk premium in the yield curve,exo,exo,del,USA,0,0,0,0,0,0,0
352,RISR(ROW),risk premium in the yield curve,exo,exo,del,ROW,0,0,0,0,0,0,0
353,RISW(USA),Blanchard probability of death,exo,exo,del,USA,3,3,3,3,3,3,3
354,RISW(ROW),Blanchard probability of death,exo,exo,del,ROW,3,3,3,3,3,3,3
355,RISY(USA),risk premium for raw-capital sector capital,exo,exo,del,USA,0,0,0,0,0,0,0
356,RISY(ROW),risk premium for raw-capital sector capital,exo,exo,del,ROW,0,0,0,0,0,0,0
357,RISZ(USA),risk premium for household capital,exo,exo,del,USA,0,0,0,0,0,0,0
358,RISZ(ROW),risk premium for household capital,exo,exo,del,ROW,0,0,0,0,0,0,0
359,ROGY(USA),potential output growth target,exo,exo,pct,USA,1.4000000000000001,1.4000000000000001,1.4000000000000001,1.4000000000000001,1.4000000000000001,1.4000000000000001,1.4000000000000001
360,ROGY(ROW),potential output growth target,exo,exo,pct,ROW,1.4000000000000001,1.4000000000000001,1.4000000000000001,1.4000000000000001,1.4000000000000001,1.4000000000000001,1.4000000000000001
361,RVGS(USA),revenue from unit taxes,exo,exo,gdp,USA,0,0,0,0,0,0,0
362,RVGS(ROW),revenue from unit taxes,exo,exo,gdp,ROW,0,0,0,0,0,0,0
363,SAVI(USA),real domestic saving using real interest rates,end,z1l,gdp,USA,21.2830879845964738,22.8474157001012301,23.8658217691233183,31.2447379141706669,24.0846520011265319,14.1459618856483615,21.4155830962568956
364,SAVI(ROW),real domestic saving using real interest rates,end,z1l,gdp,ROW,21.2830879845964738,22.8474157001012301,23.8658217691233183,31.2447379141706669,24.0846520011265319,14.1459618856483615,21.4155830962568956
365,SAVN(USA),real domestic saving using nominal interest rates,end,z1l,gdp,USA,23.0609166770776319,24.6428107142094106,25.1914532487675267,32.5058603131006194,28.3453239440975828,20.4509582354123438,24.7345401461520638
366,SAVN(ROW),real domestic saving using nominal interest rates,end,z1l,gdp,ROW,23.0609166770776319,24.6428107142094106,25.1914532487675267,32.5058603131006194,28.3453239440975828,20.4509582354123438,24.7345401461520638
367,SAVT(USA),domestic non-government saving using nominal interest rates,end,z1l,gdp,USA,18.6109692530316906,18.489999026294285,18.5027903546048762,17.5397669675109427,16.5523269699087123,16.7909727142663634,17.2298711188315323
368,SAVT(ROW),domestic non-government saving using nominal interest rates,end,z1l,gdp,ROW,18.6109692530316906,18.489999026294285,18.5027903546048762,17.5397669675109427,16.5523269699087123,16.7909727142663634,17.2298711188315323
369,"SHEF(a01,USA)",autonomous energy efficiency improvements,exo,exo,pct,USA,0,0,0,0,0,0,0
370,"SHEF(a01,ROW)",autonomous energy efficiency improvements,exo,exo,pct,ROW,0,0,0,0,0,0,0
371,"SHEF(a02,USA)",autonomous energy efficiency improvements,exo,exo,pct,USA,0,0,0,0,0,0,0
372,"SHEF(a02,ROW)",autonomous energy efficiency improvements,exo,exo,pct,ROW,0,0,0,0,0,0,0
373,SHEFC(USA),consumption autonomous energy efficiency improvements,exo,exo,pct,USA,0,0,0,0,0,0,0
374,SHEFC(ROW),consumption autonomous energy efficiency improvements,exo,exo,pct,ROW,0,0,0,0,0,0,0
375,"SHK(a01,USA)",shock to capital efficiency,exo,exo,pct,USA,0,0,0,0,0,0,0
376,"SHK(a01,ROW)",shock to capital efficiency,exo,exo,pct,ROW,0,0,0,0,0,0,0
377,"SHK(a02,USA)",shock to capital efficiency,exo,exo,pct,USA,0,0,0,0,0,0,0
378,"SHK(a02,ROW)",shock to capital efficiency,exo,exo,pct,ROW,0,0,0,0,0,0,0
379,SHKC(USA),shock to aggregate consumption,exo,exo,gdp,USA,0,0,0,0,0,0,0
380,SHKC(ROW),shock to aggregate consumption,exo,exo,gdp,ROW,0,0,0,0,0,0,0
381,"SHKI(USA,a01)",shock to inv equation,exo,exo,gdp,USA,0,0,0,0,0,0,0
382,"SHKI(USA,a02)",shock to inv equation,exo,exo,gdp,USA,0,0,0,0,0,0,0
383,"SHKI(ROW,a01)",shock to inv equation,exo,exo,gdp,ROW,0,0,0,0,0,0,0
384,"SHKI(ROW,a02)",shock to inv equation,exo,exo,gdp,ROW,0,0,0,0,0,0,0
385,SHKM(USA),shock to money demand,exo,exo,pct,USA,0,0,0,0,0,0,0
386,SHKM(ROW),shock to money demand,exo,exo,pct,ROW,0,0,0,0,0,0,0
387,"SHL(USA,a01)",shock to labor due to labor-augmenting technical change and/or population growth,exo,exo,pct,USA,0,0,0,0,0,0,0
388,"SHL(USA,a02)",shock to labor due to labor-augmenting technical change and/or population growth,exo,exo,pct,USA,0,0,0,0,0,0,0
389,"SHL(ROW,a01)",shock to labor due to labor-augmenting technical change and/or population growth,exo,exo,pct,ROW,0,0,0,0,0,0,0
390,"SHL(ROW,a02)",shock to labor due to labor-augmenting technical change and/or population growth,exo,exo,pct,ROW,0,0,0,0,0,0,0
391,SHLY(USA),shock to raw capital sector labor due to labor-augmenting technical change and/or population growth,exo,exo,pct,USA,0,0,0,0,0,0,0
392,SHLY(ROW),shock to raw capital sector labor due to labor-augmenting technical change and/or population growth,exo,exo,pct,ROW,0,0,0,0,0,0,0
393,SHLZ(USA),shock to household capital sector labor due to labor-augmenting technical change and/or population growth,exo,exo,pct,USA,0,0,0,0,0,0,0
394,SHLZ(ROW),shock to household capital sector labor due to labor-augmenting technical change and/or population growth,exo,exo,pct,ROW,0,0,0,0,0,0,0
395,"SHY(a01,USA)",shock to total factor productivity,exo,exo,pct,USA,0,0,0,0,0,0,0
396,"SHY(a01,ROW)",shock to total factor productivity,exo,exo,pct,ROW,0,0,0,0,0,0,0
397,"SHY(a02,USA)",shock to total factor productivity,exo,exo,pct,USA,0,0,0,0,0,0,0
398,"SHY(a02,ROW)",shock to total factor productivity,exo,exo,pct,ROW,0,0,0,0,0,0,0
399,SHYY(USA),shock to raw capital sector total factor productivity,exo,exo,pct,USA,0,0,0,0,0,0,0
400,SHYY(ROW),shock to raw capital sector total factor productivity,exo,exo,pct,ROW,0,0,0,0,0,0,0
401,SHYZ(USA),shock to household capital sector total factor productivity,exo,exo,pct,USA,0,0,0,0,0,0,0
402,SHYZ(ROW),shock to household capital sector total factor productivity,exo,exo,pct,ROW,0,0,0,0,0,0,0
403,"STM(a01,USA)",stock market value,end,z1l,gdp,USA,8.239340509597973,8.1824179100391525,8.2046249837573075,8.1944870473639106,8.1450793070947061,8.1000185156548223,8.2302188216321603
404,"STM(a01,ROW)",stock market value,end,z1l,gdp,ROW,8.239340509597973,8.1824179100391525,8.2046249837573075,8.1944870473639106,8.1450793070947061,8.1000185156548223,8.2302188216321603
405,"STM(a02,USA)",stock market value,end,z1l,gdp,USA,183.1681809910673735,182.5684951594482186,182.5292864704988745,182.8234020333401872,182.9054064270401057,182.3165280137759225,182.4622194477316839
406,"STM(a02,ROW)",stock market value,end,z1l,gdp,ROW,183.1681809910673735,182.5684951594482186,182.5292864704988745,182.8234020333401872,182.9054064270401057,182.3165280137759225,182.4622194477316839
407,STMT(USA),total stock market value,end,z1l,gdp,USA,191.4075215006653536,190.7509130694873818,190.7339114542562015,191.0178890807041228,191.0504857341348099,190.4165465294307467,190.6924382693638336
408,STMT(ROW),total stock market value,end,z1l,gdp,ROW,191.4075215006653536,190.7509130694873818,190.7339114542562015,191.0178890807041228,191.0504857341348099,190.4165465294307467,190.6924382693638336
409,"TAX(g01,USA)",sales tax on composite,exo,exo,pct,USA,2.7906416289368372,2.4815798513704359,2.4639399910130741,2.4657651414038915,2.6181289155338558,2.7235669363163915,2.4572852315969014
410,"TAX(g01,ROW)",sales tax on composite,exo,exo,pct,ROW,2.7906416289368372,2.4815798513704359,2.4639399910130741,2.4657651414038915,2.6181289155338558,2.7235669363163915,2.4572852315969014
411,"TAX(g02,USA)",sales tax on composite,exo,exo,pct,USA,2.7906416289368372,2.4815798513704359,2.4639399910130741,2.4657651414038915,2.6181289155338558,2.7235669363163915,2.4572852315969014
412,"TAX(g02,ROW)",sales tax on composite,exo,exo,pct,ROW,2.7906416289368372,2.4815798513704359,2.4639399910130741,2.4657651414038915,2.6181289155338558,2.7235669363163915,2.4572852315969014
413,TAXC(USA),revenue from sales and company taxes,end,z1l,gdp,USA,4.9904316248492409,4.3845885709938388,4.3321765482835328,4.4263550501793754,4.9131088172316009,5.2330101165583471,4.8399760730907451
414,TAXC(ROW),revenue from sales and company taxes,end,z1l,gdp,ROW,4.9904316248492409,4.3845885709938388,4.3321765482835328,4.4263550501793754,4.9131088172316009,5.2330101165583471,4.8399760730907451
415,TAXE(USA),revenue from externality taxes,end,z1l,gdp,USA,0,0,0,0,0,0,0
416,TAXE(ROW),revenue from externality taxes,end,z1l,gdp,ROW,0,0,0,0,0,0,0
417,TAXH(USA),revenue from taxes on wages,end,z1l,gdp,USA,6.3316200333427206,5.3604925727800792,5.3762385647903974,5.5696504734774974,6.3075754759225111,7.1808013708712561,5.6374546457015899
418,TAXH(ROW),revenue from taxes on wages,end,z1l,gdp,ROW,6.3316200333427206,5.3604925727800792,5.3762385647903974,5.5696504734774974,6.3075754759225111,7.1808013708712561,5.6374546457015899
419,TAXL(USA),revenue from lump-sum taxes,end,z1l,gdp,USA,0,0,0,0,0,0,0
420,TAXL(ROW),revenue from lump-sum taxes,end,z1l,gdp,ROW,0,0,0,0,0,0,0
421,TAXM(USA),tariff revenue,end,z1l,gdp,USA,0.1818347813164997,0.1844580372171843,0.1763747136954194,0.1574166187534752,0.1739943250894573,0.1850924377509996,0.1684818614754977
422,TAXM(ROW),tariff revenue,end,z1l,gdp,ROW,0.1818347813164997,0.1844580372171843,0.1763747136954194,0.1574166187534752,0.1739943250894573,0.1850924377509996,0.1684818614754977
423,TAXS(USA),exogenous lump sum tax,exo,exo,gdp,USA,0,0,0,0,0,0,0
424,TAXS(ROW),exogenous lump sum tax,exo,exo,gdp,ROW,0,0,0,0,0,0,0
425,TAXT(USA),total revenue,end,z1l,gdp,USA,11.5038864395084612,9.9295391809911013,9.8847898267693495,10.1534221424103475,11.3946786182435709,12.5989039251806041,10.6459125802678329
426,TAXT(ROW),total revenue,end,z1l,gdp,ROW,11.5038864395084612,9.9295391809911013,9.8847898267693495,10.1534221424103475,11.3946786182435709,12.5989039251806041,10.6459125802678329
427,TAXX(USA),external tax revenue,end,z1l,gdp,USA,0,0,0,0,0,0,0
428,TAXX(ROW),external tax revenue,end,z1l,gdp,ROW,0,0,0,0,0,0,0
429,TBAL(USA),"trade surplus, domestic currency",end,z1l,gdp,USA,0,0,0,0,0,0,0
430,TBAL(ROW),"trade surplus, domestic currency",end,z1l,gdp,ROW,0,0,0,0,0,0,0
431,TBAU(USA),"trade surplus, USD",end,z1l,gdp,USA,0,0,0,0,0,0,0
432,TBAU(ROW),"trade surplus, USD",end,z1l,gdp,ROW,0,0,0,0,0,0,0
433,TCOR(USA),tax rate on corporate profits,exo,exo,pct,USA,3,3,3,3,3,3,3
434,TCOR(ROW),tax rate on corporate profits,exo,exo,pct,ROW,3,3,3,3,3,3,3
435,"TEX(g01,USA)",extern tax on composite,exo,exo,pct,USA,0,0,0,0,0,0,0
436,"TEX(g01,ROW)",extern tax on composite,exo,exo,pct,ROW,0,0,0,0,0,0,0
437,"TEX(g02,USA)",extern tax on composite,exo,exo,pct,USA,0,0,0,0,0,0,0
438,"TEX(g02,ROW)",extern tax on composite,exo,exo,pct,ROW,0,0,0,0,0,0,0
439,"TIF(g01,USA)",fta tariff rates,exo,exo,pct,USA,0,0,0,0,0,0,0
440,"TIF(g01,ROW)",fta tariff rates,exo,exo,pct,ROW,0,0,0,0,0,0,0
441,"TIF(g02,USA)",fta tariff rates,exo,exo,pct,USA,0,0,0,0,0,0,0
442,"TIF(g02,ROW)",fta tariff rates,exo,exo,pct,ROW,0,0,0,0,0,0,0
443,"TIM(g01,USA,USA)",multilateral tariff rates,exo,exo,pct,USA,0,0,0,0,0,0,0
444,"TIM(g01,USA,ROW)",multilateral tariff rates,exo,exo,pct,USA,0.351554519411684,0.351554519411684,0.351554519411684,0.351554519411684,0.351554519411684,0.351554519411684,0.351554519411684
445,"TIM(g01,ROW,USA)",multilateral tariff rates,exo,exo,pct,ROW,0,0,0,0,0,0,0
446,"TIM(g01,ROW,ROW)",multilateral tariff rates,exo,exo,pct,ROW,0.351554519411684,0.351554519411684,0.351554519411684,0.351554519411684,0.351554519411684,0.351554519411684,0.351554519411684
447,"TIM(g02,USA,USA)",multilateral tariff rates,exo,exo,pct,USA,0,0,0,0,0,0,0
448,"TIM(g02,USA,ROW)",multilateral tariff rates,exo,exo,pct,USA,1.3137927305732322,1.3137927305732322,1.3137927305732322,1.3137927305732322,1.3137927305732322,1.3137927305732322,1.3137927305732322
449,"TIM(g02,ROW,USA)",multilateral tariff rates,exo,exo,pct,ROW,0,0,0,0,0,0,0
450,"TIM(g02,ROW,ROW)",multilateral tariff rates,exo,exo,pct,ROW,1.3137927305732322,1.3137927305732322,1.3137927305732322,1.3137927305732322,1.3137927305732322,1.3137927305732322,1.3137927305732322
451,TINC(USA),tax rate on labor income,exo,exo,pct,USA,11.900013122688355,10.0959375275169965,10.1064159582865578,10.2494442563272017,11.8848113253251366,13.8805508287948101,10.9978179880570064
452,TINC(ROW),tax rate on labor income,exo,exo,pct,ROW,11.900013122688355,10.0959375275169965,10.1064159582865578,10.2494442563272017,11.8848113253251366,13.8805508287948101,10.9978179880570064
453,"TITC(a01,USA)",investment tax credit rate,exo,exo,pct,USA,0,0,0,0,0,0,0
454,"TITC(a01,ROW)",investment tax credit rate,exo,exo,pct,ROW,0,0,0,0,0,0,0
455,"TITC(a02,USA)",investment tax credit rate,exo,exo,pct,USA,0,0,0,0,0,0,0
456,"TITC(a02,ROW)",investment tax credit rate,exo,exo,pct,ROW,0,0,0,0,0,0,0
457,TITCH(USA),households investment tax credit rate,exo,exo,pct,USA,0,0,0,0,0,0,0
458,TITCH(ROW),households investment tax credit rate,exo,exo,pct,ROW,0,0,0,0,0,0,0
459,"TIX(g01,USA)",multilateral iceberg costs,exo,exo,pct,USA,0,0,0,0,0,0,0
460,"TIX(g01,ROW)",multilateral iceberg costs,exo,exo,pct,ROW,0,0,0,0,0,0,0
461,"TIX(g02,USA)",multilateral iceberg costs,exo,exo,pct,USA,0,0,0,0,0,0,0
462,"TIX(g02,ROW)",multilateral iceberg costs,exo,exo,pct,ROW,0,0,0,0,0,0,0
463,"TOB(a01,USA)","marginal q, TOB.NC",end,z1l,pct,USA,127.4661324857986386,127.8587608717888884,127.8736560007891683,127.7001925355647245,127.6585287675194849,128.0329929372849733,127.8874135268793282
464,"TOB(a01,ROW)","marginal q, TOB.NC",end,z1l,pct,ROW,127.4661324857986386,127.8587608717888884,127.8736560007891683,127.7001925355647245,127.6585287675194849,128.0329929372849733,127.8874135268793282
465,"TOB(a02,USA)","marginal q, TOB.NC",end,z1l,pct,USA,127.4661324857986386,127.8587608717888742,127.8736560007891683,127.7001925355647245,127.6585287675194849,128.0329929372849733,127.8874135268793282
466,"TOB(a02,ROW)","marginal q, TOB.NC",end,z1l,pct,ROW,127.4661324857986386,127.8587608717888742,127.8736560007891683,127.7001925355647245,127.6585287675194849,128.0329929372849733,127.8874135268793282
467,TOBY(USA),"marginal Q, raw capital sector",end,z1l,pct,USA,114.5510264810807968,114.9747989748352239,114.9664398434413926,114.7958177447525117,114.8659874232357936,115.3046597546133256,115.0395933138613032
468,TOBY(ROW),"marginal Q, raw capital sector",end,z1l,pct,ROW,114.5510264810807968,114.9747989748352239,114.9664398434413926,114.7958177447525117,114.8659874232357936,115.3046597546133256,115.0395933138613032
469,TOBZ(USA),"marginal Q, household capital",end,z1l,pct,USA,114.5510264810807968,114.9747989748352239,114.9664398434413926,114.7958177447525117,114.8659874232357936,115.3046597546133256,115.0395933138613032
470,TOBZ(ROW),"marginal Q, household capital",end,z1l,pct,ROW,114.5510264810807968,114.9747989748352239,114.9664398434413926,114.7958177447525117,114.8659874232357936,115.3046597546133256,115.0395933138613032
471,"TPA(a01,USA)",partial adjustment q,sta,x1l,pct,USA,127.4661324857986386,127.8587608717888884,127.8736560007891683,127.7001925355647245,127.6585287675194849,128.0329929372849733,127.8874135268793282
472,"TPA(a01,ROW)",partial adjustment q,sta,x1l,pct,ROW,127.4661324857986386,127.8587608717888884,127.8736560007891683,127.7001925355647245,127.6585287675194849,128.0329929372849733,127.8874135268793282
473,"TPA(a02,USA)",partial adjustment q,sta,x1l,pct,USA,127.4661324857986386,127.8587608717888742,127.8736560007891683,127.7001925355647245,127.6585287675194849,128.0329929372849733,127.8874135268793282
474,"TPA(a02,ROW)",partial adjustment q,sta,x1l,pct,ROW,127.4661324857986386,127.8587608717888742,127.8736560007891683,127.7001925355647245,127.6585287675194849,128.0329929372849733,127.8874135268793282
475,TPAY(USA),"partial adjustment Q, raw capital sector",sta,x1l,pct,USA,114.5510264810807968,114.9747989748352239,114.9664398434413926,114.7958177447525117,114.8659874232357936,115.3046597546133256,115.0395933138613032
476,TPAY(ROW),"partial adjustment Q, raw capital sector",sta,x1l,pct,ROW,114.5510264810807968,114.9747989748352239,114.9664398434413926,114.7958177447525117,114.8659874232357936,115.3046597546133256,115.0395933138613032
477,TPAZ(USA),"partial adjustment Q, household capital",sta,x1l,pct,USA,114.5510264810807968,114.9747989748352239,114.9664398434413926,114.7958177447525117,114.8659874232357936,115.3046597546133256,115.0395933138613032
478,TPAZ(ROW),"partial adjustment Q, household capital",sta,x1l,pct,ROW,114.5510264810807968,114.9747989748352239,114.9664398434413926,114.7958177447525117,114.8659874232357936,115.3046597546133256,115.0395933138613032
479,TRAN(USA),total transfers,end,z1l,gdp,USA,9.5170716577838235,9.5150625904347859,9.5243351836888479,9.5279880014356362,9.4862886006852793,9.4727725567161851,9.5035901491890193
480,TRAN(ROW),total transfers,end,z1l,gdp,ROW,9.5170716577838235,9.5150625904347859,9.5243351836888479,9.5279880014356362,9.4862886006852793,9.4727725567161851,9.5035901491890193
481,TRANX(USA),exogenous transfers,exo,exo,gdp,USA,0,0,0,0,0,0,0
482,TRANX(ROW),exogenous transfers,exo,exo,gdp,ROW,0,0,0,0,0,0,0
483,"TXGS(a01,g01,USA)",unit tax on goods to sectors,exo,exo,dollar,USA,0,0,0,0,0,0,0
484,"TXGS(a01,g01,ROW)",unit tax on goods to sectors,exo,exo,dollar,ROW,0,0,0,0,0,0,0
485,"TXGS(a02,g01,USA)",unit tax on goods to sectors,exo,exo,dollar,USA,0,0,0,0,0,0,0
486,"TXGS(a02,g01,ROW)",unit tax on goods to sectors,exo,exo,dollar,ROW,0,0,0,0,0,0,0
487,"TXM(g01,USA)",tariff revenue by good,exo,exo,gdp,USA,0.0038886410292886,0.0039447408604203,0.0037718743534068,0.0033664446259661,0.0037209683785884,0.0039583078794853,0.0036030811843646
488,"TXM(g01,ROW)",tariff revenue by good,exo,exo,gdp,ROW,0.0038886410292886,0.0039447408604203,0.0037718743534068,0.0033664446259661,0.0037209683785884,0.0039583078794853,0.0036030811843646
489,"TXM(g02,USA)",tariff revenue by good,exo,exo,gdp,USA,0.1779461402872111,0.180513296356764,0.1726028393420126,0.1540501741275092,0.1702733567108689,0.1811341298715144,0.164878780291133
490,"TXM(g02,ROW)",tariff revenue by good,exo,exo,gdp,ROW,0.1779461402872111,0.180513296356764,0.1726028393420126,0.1540501741275092,0.1702733567108689,0.1811341298715144,0.164878780291133
491,"WAG(a01,USA)",sector wage,end,z1l,idx,USA,100,100,100,100,100,100,100
492,"WAG(a01,ROW)",sector wage,end,z1l,idx,ROW,100,100,100,100,100,100,100
493,"WAG(a02,USA)",sector wage,end,z1l,idx,USA,100,100,100,100,100,100,100
494,"WAG(a02,ROW)",sector wage,end,z1l,idx,ROW,100,100,100,100,100,100,100
495,WAGE(USA),wage rate,sta,x1l,idx,USA,77.5598361711391249,81.5192981218012562,85.1671301777638377,86.2490493836981216,93.4154387835991145,100,105.615144884358017
496,WAGE(ROW),wage rate,sta,x1l,idx,ROW,77.5598361711391249,81.5192981218012562,85.1671301777638377,86.2490493836981216,93.4154387835991145,100,105.615144884358017
497,WAGG(USA),government wage,end,z1l,idx,USA,77.5598361711391249,81.5192981218012562,85.1671301777638377,86.2490493836981216,93.4154387835991145,100,105.615144884358017
498,WAGG(ROW),government wage,end,z1l,idx,ROW,77.5598361711391249,81.5192981218012562,85.1671301777638377,86.2490493836981216,93.4154387835991145,100,105.615144884358017
499,WELH(USA),human wealth,cos,j1l,gdp,USA,901.4463909515418436,917.9816859560825151,919.6164161897548865,937.9105622164483975,899.3269255232162322,856.769726957144826,877.3519455713736761
500,WELH(ROW),human wealth,cos,j1l,gdp,ROW,901.4463909515418436,917.9816859560825151,919.6164161897548865,937.9105622164483975,899.3269255232162322,856.769726957144826,877.3519455713736761
501,WELT(USA),total wealth,end,z1l,gdp,USA,1287.216494284749615,1294.8346670657474533,1290.9943480014089801,1308.7763060170620975,1261.1405539831030183,1230.6005861897162958,1242.741218409768635
502,WELT(ROW),total wealth,end,z1l,gdp,ROW,1287.216494284749615,1294.8346670657474533,1290.9943480014089801,1308.7763060170620975,1261.1405539831030183,1230.6005861897162958,1242.741218409768635
503,YRATN(USA),"GDP ratio, nominal",exo,exo,pct,USA,100,100,100,100,100,100,100
504,YRATN(ROW),"GDP ratio, nominal",exo,exo,pct,ROW,100,100,100,100,100,100,100
